user_id,impressions,clicks,spent,total_conversion,approved_conversion
708746,7350,1,1.429999948,2,1
708749,17861,2,1.820000023,2,0
708771,693,0,0,1,0
708815,4259,1,1.25,1,0
708818,4133,1,1.289999962,1,1
708820,1915,0,0,1,1
708889,15615,3,4.769999981,1,0
708895,10951,1,1.269999981,1,1
708953,2355,1,1.5,1,0
708958,9502,3,3.159999967,1,0
708979,1224,0,0,1,0
709023,735,0,0,1,0
709038,5117,0,0,1,0
709040,5120,0,0,1,0
709059,14669,7,10.28000021,1,1
709105,1241,0,0,1,1
709115,2305,1,0.569999993,1,0
709124,1024,0,0,1,1
709179,4627,1,1.690000057,1,0
709183,21026,4,4.630000114,2,1
709320,1422,0,0,1,1
709323,7132,2,2.609999895,1,0
709326,12190,2,3.049999952,1,0
709327,12193,2,3.059999943,1,1
709328,3332,0,0,1,1
709455,559,0,0,1,0
709544,7440,2,2.980000019,1,1
709614,19113,4,5.5200001,1,0
709756,10976,2,1.690000057,1,1
709761,2861,0,0,1,0
709899,1398,0,0,1,1
709901,23817,7,8.470000148,1,1
710045,47224,12,15.82000017,1,0
710088,2283,1,1.470000029,1,0
710360,2182,1,1.529999971,1,1
710477,2654,0,0,1,1
710480,57665,14,18.06999969,1,1
710571,3091,1,1.610000014,1,1
710617,5014,1,1.190000057,1,0
710623,38726,7,9.220000267,1,0
710628,1473,0,0,1,0
710682,1186,0,0,1,0
710763,5369,1,1.50999999,1,0
710836,22221,7,9.430000067,1,1
710867,1185,0,0,1,0
710880,13019,5,6.960000038,1,0
710961,2508,1,1.220000029,1,0
710968,5864,2,2.799999952,1,1
711217,2783,1,1.600000024,1,0
711623,3812,1,1.129999995,2,1
711764,11199,4,5.730000019,1,1
711785,292,0,0,1,0
711877,17572,7,9.379999995,1,0
712052,1448,0,0,1,1
734209,1772,0,0,1,1
734210,13329,4,5.629999995,1,1
734215,13659,3,3.840000033,1,0
734243,739,0,0,1,1
734266,605,0,0,1,0
734272,1030,0,0,1,0
734290,5374,1,1.039999962,4,0
734313,790,0,0,1,1
734314,962,0,0,1,0
734352,4423,1,1.460000038,1,1
734361,12382,2,2.839999914,1,1
734381,2938,1,1.350000024,1,1
734399,239,0,0,1,0
734418,591,0,0,1,0
734421,10332,4,5.75,1,0
734427,8259,3,3.980000019,1,0
734433,12158,3,4.449999928,1,0
734582,7709,2,1.320000052,2,0
734605,834,0,0,1,0
734660,1299,0,0,2,0
734666,371,0,0,1,0
734726,10466,3,4.090000033,1,0
734737,839,0,0,1,0
734785,5576,1,1.529999971,1,1
734794,4010,0,0,1,0
734796,39337,7,10.03000009,1,1
734800,1635,0,0,1,0
734803,1631,0,0,1,0
734852,13479,3,4.25,1,0
734854,57022,13,20.29000032,3,3
734856,5453,1,1.389999986,1,1
734866,11803,3,4.440000057,1,0
734881,4259,1,1.570000052,1,1
734901,1554,0,0,1,0
734903,5323,1,1.289999962,1,1
734925,5024,1,1.409999967,1,1
734939,104648,24,33.33000004,4,2
734968,8504,3,3.340000093,1,1
734999,20277,6,8.050000072,1,0
735014,12403,4,5.210000038,1,1
735032,498,0,0,1,1
735033,652,0,0,0,0
735043,1357,0,0,1,1
735048,1393,0,0,1,0
735065,648,0,0,1,0
735109,708,0,0,1,1
735140,6907,2,2.349999964,1,0
735143,39035,13,19.32999957,1,0
735151,926,0,0,1,0
735184,4412,1,1.450000048,1,0
735189,9965,3,4.050000072,1,0
735213,73634,23,32.97999978,1,0
735220,69708,20,31.28999949,1,0
735242,530,0,0,1,0
735247,14257,6,8.789999962,1,0
735289,20362,5,9.119999886,1,1
735290,12215,4,6.26000011,1,0
735298,85412,28,38.63999999,2,1
736869,2338,1,0.239999995,1,0
736890,2522,0,0,1,0
736893,3587,0,0,1,0
736977,1273,0,0,1,0
736988,3891,1,1.090000033,1,0
736995,1888,0,0,1,0
736997,1895,0,0,1,0
737097,715,0,0,1,0
737130,11199,2,2.680000067,1,0
737320,5676,2,3.00999999,1,0
737375,1415,0,0,1,0
737524,2148,1,1.580000043,1,1
737644,45401,10,14.06000042,1,0
737657,7478,2,2.900000095,1,1
737658,4919,1,1.590000033,1,0
737674,533,0,0,1,1
737766,1447,0,0,1,1
737896,17553,3,4.590000153,1,0
737931,3343,1,0.540000021,1,0
737961,523,0,0,1,0
737995,1873,0,0,1,0
738006,34740,7,13.41000009,1,1
738067,658,0,0,1,0
738098,1539,0,0,1,0
738307,3010,1,0.860000014,1,1
738389,27081,9,10.77000046,1,1
738408,20233,4,5.590000153,3,0
738413,147159,36,58.16000044,3,1
738423,21664,7,10.61999977,1,1
738436,9112,4,5.460000038,1,1
738463,542,0,0,1,0
738528,402,0,0,1,1
738560,1338,0,0,1,0
738582,46150,15,20.17999983,1,1
738592,493821,116,176.3799977,4,1
738593,92011,27,34.39000046,2,1
738598,12956,4,5.49000001,1,1
738606,529,0,0,1,0
738637,944,1,1.419999957,1,0
738648,111090,38,51.97000027,5,1
747212,7208,2,3.190000057,1,0
747213,1746,0,0,1,0
747220,2474,0,0,2,2
747222,12489,2,1.960000038,1,0
747223,8032,1,0.600000024,2,0
747248,472,0,0,1,1
747332,792,0,0,1,1
747362,4607,1,1.149999976,1,1
747369,13355,2,3.180000067,1,1
747370,2936,0,0,1,0
747401,2793,1,0.980000019,1,1
747435,1032,0,0,1,0
747439,1662,0,0,1,1
747489,4016,2,1.480000049,1,1
747514,14843,3,2.939999938,1,1
747645,9674,3,4.600000024,1,1
747659,12186,2,2.669999957,1,0
747675,673,0,0,1,0
747678,370,0,0,1,1
747712,450,0,0,1,1
747790,2077,0,0,1,1
747791,31393,8,10.96000051,1,1
747795,8410,2,2.359999895,1,1
747798,25884,5,7.350000143,1,0
747824,608,0,0,1,1
747828,28488,10,9.340000033,1,0
747852,10126,3,4.619999886,1,0
747859,22572,5,8.5,1,0
747863,1955,0,0,1,1
747879,493,0,0,1,0
747903,1491,0,0,1,1
747911,1495,0,0,1,1
747968,512,0,0,0,0
747991,4868,2,2.420000076,1,0
748000,6585,2,2.950000048,1,0
748007,10164,2,3.720000029,1,1
748014,11182,4,4.449999809,1,0
748045,1238,0,0,1,0
748086,34127,8,13.07000017,1,0
748087,29466,7,10.84999967,2,0
748089,38759,9,10.84999967,1,0
748091,41720,10,12.06000006,1,1
748225,18602,5,8.860000134,1,0
748230,83929,21,27.72999954,4,1
748231,25194,6,7.349999905,1,0
748233,78627,19,26.53000045,1,0
748235,102695,25,39.42999983,3,0
748294,82827,24,47.93000031,3,0
748295,9240,3,6.039999962,1,0
748303,7706,2,2.369999886,1,0
748314,7821,4,6.340000153,1,1
748341,1363,0,0,1,1
776318,3569,0,0,1,1
776322,119063,34,53.21999949,1,0
776323,99078,23,35.79999948,2,0
776325,452398,114,180.2200012,1,0
776334,191223,48,76.41000056,1,0
776336,22216,6,9.549999952,1,0
776338,48291,11,18.01999998,1,0
776353,27559,8,13.37,1,0
776373,10194,4,4.590000033,2,1
776383,1168,0,0,1,1
776405,40126,16,25.86000001,1,0
776416,3659,1,0.49000001,1,1
776430,3200,0,0,1,0
776464,7550,1,1.679999948,1,1
776469,45397,15,25.41999936,1,1
776473,23086,2,3.310000062,1,1
776475,16425,1,1.549999952,1,0
776476,43756,5,5.439999938,0,0
776477,9982,0,0,1,0
776489,175389,55,81.60999787,1,0
776494,7015,0,0,1,0
776515,12706,3,4.98999989,1,1
776519,70702,20,31.7099998,1,0
776533,63927,16,25.52000046,2,0
776534,15105,3,4.25999999,1,0
776538,8774,1,1.830000043,1,0
776551,14459,1,1.389999986,1,0
776552,21596,2,2.809999943,1,0
776553,66765,8,11.04999971,1,0
776563,1369,0,0,1,1
776579,26910,5,7.229999781,1,0
776603,506,0,0,1,0
776615,11988,3,4.269999862,1,0
776623,19353,6,9.4799999,1,1
776631,10960,2,2.890000105,1,0
776643,33491,6,10.56999969,2,1
776644,20083,2,3.200000048,2,1
776659,8817,0,0,1,1
776661,15466,1,0.970000029,1,0
776662,27072,3,4.370000005,1,0
776663,15753,1,0.569999993,1,1
776668,3523,1,1.809999943,1,1
776685,7745,0,0,1,0
776686,18709,2,3.319999933,1,0
776687,8022,0,0,2,1
776696,7966,1,1.179999948,1,1
776697,4132,0,0,1,1
776698,12785,3,4.730000019,2,1
776699,8213,1,1.379999995,1,1
776722,545,0,0,1,1
776725,2479,1,1.25999999,1,0
776780,3812,2,3.049999952,1,0
776793,1609,0,0,1,0
776799,10257,3,3.579999924,1,1
776817,12356,4,6.279999971,1,0
776825,7410,1,1.210000038,1,0
776829,140098,28,46.63000011,1,0
776831,107021,20,34.44000012,1,0
776840,2797,1,1.289999962,1,0
776861,16461,6,9.21999979,1,0
776892,17488,5,7.719999909,1,0
776928,9750,2,1.5,1,1
776935,1136,0,0,1,1
777105,4333,1,0.180000007,1,1
777130,6260,0,0,1,0
777131,6359,0,0,1,0
777166,2383,0,0,1,1
777187,11292,3,5.389999866,1,1
777198,12729,4,5.779999852,1,0
777200,1898,0,0,1,1
777201,1882,0,0,1,1
777235,2883,1,0.99000001,1,1
777248,3989,1,1.279999971,1,0
777261,19603,4,5.279999971,1,1
777382,3047,1,1.379999995,1,0
777398,3029,1,1.049999952,1,1
777410,3490,1,1.340000033,1,1
777482,2479,0,0,1,0
777495,19581,7,10.42999983,2,0
777519,19537,5,6.099999905,1,0
777625,59433,12,19.65999949,3,0
777627,157534,33,56.19000077,2,0
777638,1781,0,0,1,1
777670,23769,4,6.029999852,1,0
777673,7101,0,0,1,0
777742,4726,1,1.830000043,1,1
777758,5209,1,0.959999979,2,0
777794,13473,3,2.619999945,3,0
777816,500,0,0,1,1
777871,4616,1,1.360000014,1,0
777904,3279,0,0,1,0
777905,3288,0,0,1,0
778037,14615,4,6.050000191,1,0
778048,56615,12,19.88000035,2,0
778085,11735,3,4.529999971,1,1
778087,15910,5,6.779999852,1,0
778112,11446,2,3.090000033,1,1
778113,4595,0,0,1,0
778124,4871,0,0,1,0
778148,3199,0,0,1,0
778156,9388,2,3.140000105,1,0
778161,17954,6,7.5400002,2,1
778208,2755,0,0,1,0
778264,8152,1,0.99000001,1,0
778266,74542,19,34.1500001,1,0
778421,6699,2,3.090000033,1,0
778422,11911,4,3.959999919,1,0
778461,10090,2,2.650000095,1,1
778471,1273,0,0,1,1
778483,24188,5,8.179999828,1,0
778529,2214,0,0,1,0
778556,9735,4,4.130000114,1,1
778590,1371,0,0,1,1
778600,10750,4,5.389999866,1,0
778626,7629,1,0.720000029,1,1
778628,4608,0,0,1,0
778674,3732,0,0,1,0
778689,7453,1,1.679999948,1,1
778722,41785,14,19.10000038,1,0
778737,8077,2,3.579999924,1,1
778756,5602,1,1.580000043,1,0
778804,6184,2,2.75,1,1
778808,1738,0,0,1,0
778964,112460,25,41.29000068,1,0
779057,4414,0,0,1,0
779106,14670,7,9.410000324,1,0
779438,33144,9,13.40999985,1,0
779453,4397,1,0.949999988,1,0
779488,1006,0,0,1,0
779573,89527,24,32.28999996,1,0
779608,2459,0,0,1,0
779609,7116,2,1.730000019,1,1
779622,8613,1,0.889999986,2,0
779631,9730,1,1.379999995,1,0
779644,51816,8,10.2299999,2,1
779645,27289,3,4.429999828,1,0
779715,20409,4,3.829999924,1,0
779716,8044,1,1.110000014,1,0
779738,15645,4,5.349999905,1,0
779778,2466,0,0,2,2
779789,11611,3,3.950000048,1,1
779824,9375,3,4.019999981,1,0
779871,4402,1,1.330000043,1,1
779918,8469,2,3.089999914,1,0
779922,5823,1,1.419999957,1,1
779944,2549,0,0,1,0
779979,25817,4,6.019999981,1,0
779995,1961,0,0,1,0
780064,2554,0,0,1,0
780104,4971,1,1.230000019,1,1
780199,1030,0,0,1,1
780318,162341,56,77.07999969,3,0
780323,24542,7,9.329999924,1,0
780486,2879,0,0,1,1
780498,13621,3,4.090000033,1,0
780511,6175,1,1.370000005,2,1
780629,2963,0,0,1,0
780653,9076,1,1.379999995,1,1
780655,20941,4,5.909999967,1,1
780666,3462,0,0,1,0
780681,4073,0,0,1,1
780700,3745,0,0,1,0
780748,830,0,0,1,0
780759,2912,0,0,1,0
780760,17167,5,6.910000086,1,0
780797,24491,7,9.539999962,1,0
780799,44699,13,17.30000037,2,0
780821,6469,2,1.309999943,1,0
780830,16053,3,4.079999924,1,1
780835,54724,12,17.92999995,1,1
780867,4706,1,1.220000029,1,0
780974,8316,3,4.569999933,1,1
781066,5794,2,2.269999981,1,0
781114,4813,1,1.029999971,1,0
781159,85285,26,36.13000035,1,0
781162,5839,1,1.370000005,1,0
781175,5859,1,1.539999962,1,0
781187,164118,41,59.06999993,1,0
781195,18234,6,7.810000062,1,0
781207,2755,0,0,1,0
781303,73676,20,28.5,1,0
781305,18421,7,10.07999992,1,0
781327,164754,49,67.97999978,2,1
781353,7449,1,1.639999986,1,1
781354,6424,1,0.529999971,1,0
781438,2086,0,0,1,0
781470,6016,0,0,1,0
781499,6412,1,1.370000005,1,0
781508,5040,1,1.440000057,1,0
781556,1772,0,0,1,0
781559,1783,0,0,1,0
781606,8200,3,3.919999957,1,0
781690,115896,38,49.44000006,1,0
781811,10186,1,1.230000019,1,1
781857,9134,3,4.180000067,2,0
781858,3385,1,1.440000057,1,1
781907,1314,0,0,1,0
781928,2916,0,0,1,1
781929,6142,1,1.330000043,1,0
781950,1984,0,0,1,0
781999,9142,3,3.749999881,1,0
782001,5475,2,2.730000019,1,1
782022,8254,2,2.320000052,1,1
782026,5704,1,1.320000052,1,0
782130,7301,0,0,1,0
782134,37873,5,6.169999957,1,1
782135,25267,4,4.940000057,2,1
782171,535,0,0,1,0
782180,3396,0,0,1,0
782219,977,0,0,1,0
782228,12318,5,6.340000153,1,1
782242,4783,1,0.860000014,1,0
782275,6475,1,1.350000024,1,0
782337,104578,29,39.25000095,1,1
782407,33664,11,12.51000035,1,0
782443,979,0,0,1,0
782541,7337,3,4.079999924,1,0
782587,2499,0,0,1,0
782647,11244,3,4.550000191,1,0
782658,4827,0,0,1,0
782694,29035,7,8.910000086,2,2
782706,761,0,0,1,0
782754,6532,1,1.610000014,1,0
782815,11537,3,4.300000191,1,0
782816,12183,3,2.869999945,1,0
782862,5912,1,1.559999943,1,1
950068,4012,1,1.570000052,1,0
950078,12396,2,3.210000038,2,1
950079,3142,0,0,2,2
950099,1120,0,0,1,0
950109,343,0,0,1,1
950170,1720,0,0,1,1
950179,3423,0,0,1,1
950182,3242,0,0,1,0
950183,15720,1,1.379999995,1,0
950200,1217,0,0,1,1
950224,2367,2,2.839999914,1,1
950326,6607,1,1.320000052,2,0
950345,616,0,0,1,0
950452,5537,1,1.519999981,1,0
950463,818,0,0,1,0
950495,1909,1,0.980000019,1,0
950521,351,0,0,1,0
950531,572,0,0,1,0
950537,1884,1,1.409999967,1,0
950550,219,0,0,1,0
950577,540,0,0,1,1
950578,550,0,0,1,0
950595,465,0,0,1,0
950609,1761,0,0,1,1
950629,152,0,0,1,1
950631,152,0,0,1,1
950649,429,0,0,1,0
950745,1514,0,0,2,2
950770,7780,3,4.329999924,2,2
950772,460,0,0,1,0
950773,471,0,0,1,0
950776,2633,1,1.070000052,1,0
950787,199,0,0,1,0
950808,398,0,0,1,0
950839,246,0,0,2,2
950878,2967,1,1.5,1,1
950969,255,0,0,1,0
951021,457,0,0,1,1
951033,5517,1,1.230000019,1,0
951035,1539,0,0,1,1
951043,3189,0,0,1,0
951045,3348,0,0,1,0
951046,20050,4,4.659999847,4,1
951102,2254,0,0,1,0
951105,5894,1,1.539999962,1,1
951133,9948,2,2.720000029,2,0
951202,5307,3,4.289999962,2,1
951225,4621,2,3.25,1,1
951270,784,0,0,1,1
951282,5775,1,1.580000043,1,1
951285,9297,2,2.619999886,2,1
951294,699,0,0,1,0
951305,1104,0,0,1,0
951334,3717,1,1.539999962,1,0
951391,2879,1,1.590000033,2,2
951392,2749,1,1.389999986,1,0
951400,24028,9,12.39000034,2,0
951402,1118,0,0,1,1
951413,1083,0,0,2,1
951420,843,0,0,1,0
951444,2983,1,0.970000029,1,0
951448,696,0,0,1,0
951462,7589,2,3.150000095,1,1
951464,20997,10,11.94999981,1,0
951465,4617,1,1.360000014,1,0
951498,259,0,0,1,0
951508,1134,0,0,1,0
951542,357,0,0,1,0
951607,848,0,0,1,1
951608,3149,1,1.480000019,1,0
951641,87,0,0,1,1
951677,2563,1,1.480000019,1,0
951692,1107,0,0,1,0
951715,10677,5,7.269999981,1,0
951756,2189,1,0.409999996,1,0
951779,3277,2,2.680000067,1,0
951782,781,0,0,1,0
951810,2226,0,0,1,0
951812,16274,4,6.079999924,2,0
951837,2077,1,1.50999999,1,1
951853,529,0,0,0,0
951854,487,0,0,1,0
951856,4626,2,2.099999905,2,0
951941,2764,1,1.559999943,1,1
952001,5447,2,2.960000038,1,0
952031,28169,8,12.36999989,1,1
952080,415,0,0,1,0
952100,810,0,0,1,1
1121091,1194718,141,254.049996,28,14
1121092,637648,67,122.4,13,5
1121094,24362,0,0,1,1
1121095,459690,50,86.33000112,5,2
1121096,750060,86,161.9099991,11,2
1121097,30068,1,1.820000052,1,0
1121098,1267550,123,236.7699986,24,10
1121100,3052003,340,639.9499981,60,17
1121101,29945,1,1.590000033,2,1
1121102,357856,30,52.97000015,7,3
1121104,2080666,202,360.1500015,40,21
1121105,145999,9,16.5200001,5,2
1121107,32616,1,1.539999962,2,0
1121108,984521,95,163.8999972,26,14
1121110,880814,123,210.3600006,6,2
1121111,182452,20,35.73000026,4,1
1121113,894911,120,215.8399994,7,4
1121114,31349,2,3.800000072,1,0
1121115,410310,55,96.80000055,3,0
1121116,572450,89,157.329998,7,4
1121117,98759,15,26.56999946,1,1
1121119,345371,54,93.08999991,7,3
1121121,323899,46,78.9200002,5,1
1121122,399199,58,103.1500002,3,0
1121123,171202,22,36.53000021,3,1
1121124,128386,15,28.85000002,2,1
1121125,1034284,152,257.7099986,20,9
1121126,45923,5,7.220000148,2,0
1121127,40873,4,7.899999976,2,1
1121128,286553,34,62.06000042,2,1
1121129,20618,1,2.099999905,2,1
1121131,83591,7,14.14000046,2,2
1121132,114923,12,23.73000026,4,2
1121133,25002,1,1.710000038,1,0
1121134,68905,5,9.440000057,1,0
1121136,169588,16,27.79999924,1,0
1121138,328991,35,67.65000057,5,2
1121141,23198,2,2.980000019,1,0
1121142,26890,2,3.24000001,1,0
1121143,221695,31,52.26000011,5,2
1121152,88443,7,13.0400002,1,1
1121153,187856,23,38.38999975,5,1
1121164,570699,80,138.7699997,9,2
1121167,1063508,145,260.3800013,23,7
1121168,50523,6,8.549999952,1,0
1121172,87935,9,15.63000023,1,0
1121173,278225,33,60.19999957,3,0
1121175,209461,20,34.19000006,1,0
1121177,26316,2,3.24000001,3,0
1121181,41030,3,5.140000105,2,1
1121182,876671,120,216.5599982,22,4
1121183,399392,53,93.07000041,5,0
1121184,283858,30,56.05999923,1,0
1121185,260699,31,54.09999871,5,2
1121193,57781,5,7.800000072,2,1
1121195,38757,3,5.220000029,1,0
1121196,1392288,206,358.5500029,31,7
1121197,1109387,159,280.9899995,13,2
1121202,581281,65,115.1200008,10,5
1121203,1048861,128,219.770002,22,8
1121205,297452,30,52.01999986,4,1
1121206,227925,22,35.30999994,22,12
1121207,374175,38,63.32000101,8,3
1121211,223586,32,54.24000037,1,0
1121213,283170,39,65.22999996,2,1
1121215,41636,3,4.210000038,1,0
1121216,198658,30,48.60999978,8,1
1121220,100596,10,13.91999972,4,2
1121223,64020,5,11.0599997,1,0
1121224,14289,0,0,1,0
1121229,404866,43,87.42000079,4,0
1121231,22256,1,1.659999967,1,1
1121233,57690,4,6.74000001,1,0
1121241,24952,5,8.220000267,3,2
1121242,38900,3,5.580000043,1,0
1121243,53520,6,9.2299999,1,1
1121244,181683,20,34.22999972,2,1
1121245,29185,2,3.149999976,1,0
1121246,105047,13,20.2099994,3,1
1121250,287976,31,59.43999982,3,2
1121251,212175,22,38.58999968,2,1
1121252,11139,0,0,1,1
1121254,124005,11,21.84999979,4,1
1121255,20423,1,1.960000038,1,0
1121261,103001,14,22.32000005,1,0
1121262,447420,66,110.2399991,7,2
1121263,156101,19,29.75000048,2,2
1121264,93015,12,18.47000015,1,0
1121265,145398,23,36.24000025,1,0
1121269,296413,50,76.43999958,3,1
1121273,9370,0,0,1,1
1121274,63785,7,11.80000019,6,2
1121275,118522,14,26.81999981,2,1
1121276,240123,38,65.67000115,5,4
1121277,169108,20,32.24000025,2,1
1121278,1044442,142,245.5999999,22,8
1121279,93891,11,17.6400001,5,3
1121282,185823,25,38.54999936,4,1
1121284,175631,23,40.75999951,1,0
1121285,37187,4,6.370000005,1,0
1121286,10991,0,0,1,0
1121287,344618,51,89.76000047,3,1
1121289,98066,9,16.1500001,1,0
1121290,770749,100,189.1299984,13,3
1121291,52553,5,8.529999852,1,0
1121292,362296,39,67.77000129,7,3
1121293,427729,50,96.8999989,4,1
1121296,180351,21,37.13000011,1,1
1121297,187329,29,53.15999961,2,1
1121300,782894,118,192.9299995,5,2
1121302,1206533,128,236.1199988,17,6
1121303,84494,7,12.57000017,2,0
1121304,94257,7,12.5800004,1,1
1121309,131060,16,28.04999959,2,1
1121310,341603,50,83.48000121,4,2
1121311,140749,19,30.4799999,1,1
1121312,102525,13,20.29999983,2,1
1121316,447952,68,131.5799983,8,1
1121317,76355,9,14.62999988,2,0
1121319,256598,38,64.46999931,6,1
1121321,127476,21,30.15000057,3,2
1121322,237603,37,62.25000024,5,2
1121327,271091,42,78.03999984,3,1
1121330,21743,2,3.400000095,1,0
1121333,88970,10,14.8300004,2,0
1121334,108362,13,22.42999983,1,1
1121335,188596,27,44.14000034,3,0
1121336,275080,43,69.65999997,4,3
1121337,64647,10,16.26999998,1,0
1121338,31265,4,5.789999902,1,0
1121340,140147,24,42.08000016,2,0
1121341,223120,40,67.66999984,1,0
1121342,104869,18,34.07000089,1,0
1121344,165177,23,41.71999967,4,1
1121345,84194,11,19.56999981,1,0
1121347,220581,31,57.37,1,1
1121350,75804,10,17.36999965,2,1
1121352,368986,59,100.289999,0,0
1121353,28194,3,3.709999919,2,0
1121355,99961,14,23.2099998,1,0
1121359,7573,0,0,1,0
1121361,685781,103,177.8899992,10,1
1121364,274222,43,66.7700001,2,1
1121365,110503,25,32.67999995,4,0
1121367,1447755,233,420.5799983,11,8
1121368,358987,52,87.55000067,1,0
1121369,826205,125,232.3700008,5,1
1121370,550954,84,150.1400012,3,0
1121372,378350,55,96.48000073,4,0
1121373,492784,56,95.5100013,7,4
1121374,327158,43,72.3100003,6,2
1121375,9921,0,0,1,0
1121377,59390,5,9.209999919,5,3
1121378,1040330,147,254.2500038,13,2
1121379,49422,6,11.17000031,1,0
1121380,131091,18,34.23000026,3,1
1121381,95691,15,25.26000011,1,1
1121390,15513,1,1.289999962,1,0
1121391,382537,63,113.9900012,4,3
1121394,461356,64,121.0999982,6,3
1121395,392541,53,98.70000017,3,2
1121398,35088,5,8.800000072,1,1
1121400,53933,6,9.929999948,3,1
1121403,228861,33,53.38999939,4,2
1121405,20959,2,3.769999981,1,1
1121410,24992,2,3.190000057,1,0
1121411,100351,15,24.17999995,2,1
1121412,292448,43,76.89999968,2,1
1121413,65060,7,14.5200001,1,1
1121414,133316,21,36.17000055,2,0
1121415,113501,26,38.44000077,5,4
1121418,192810,41,61.92999995,4,3
1121421,233404,43,70.4100008,2,1
1121422,128843,24,37.5999999,2,0
1121423,63564,12,20.59000027,2,0
1121425,85970,14,24.78000021,1,1
1121428,131232,16,29.53999937,1,1
1121429,152454,22,37.84999979,1,1
1121430,28989,2,2.290000021,1,0
1121433,80248,15,24.1900003,1,1
1121437,38580,5,8.519999981,1,0
1121439,621591,91,163.36,5,1
1121440,250499,36,58.14000005,3,1
1121442,131637,18,29.30999982,2,1
1121443,463813,69,116.3399996,4,2
1121444,211767,35,60.89999914,5,1
1121446,163181,26,40.02000093,1,1
1121451,1117385,147,260.0699984,11,2
1121452,1663441,205,359.4700001,17,6
1121453,455248,54,105.7099996,5,2
1121454,75589,6,10.66000009,1,1
1121455,594267,82,143.3000009,3,2
1121456,315281,35,65.02999854,1,0
1121464,363456,71,117.5599997,7,1
1121466,438983,81,143.4300001,3,1
1121467,42563,5,9.659999847,1,1
1121469,399035,75,124.7999995,7,3
1121471,304680,59,98.55000019,3,0
1121472,140596,23,40.77000022,1,0
1121473,439986,80,134.8799999,4,3
1121474,75803,11,19.3599999,2,2
1121477,7073,0,0,1,0
1121481,153586,28,43.01000035,2,0
1121482,180815,31,42.62999976,1,0
1121483,253169,51,75.78999984,1,0
1121484,34453,5,7.710000038,1,1
1121487,51550,8,14.03999984,1,0
1121489,110018,24,39.85999966,1,0
1121493,137584,21,36.77999961,1,0
1121497,209825,30,54.86999953,1,0
1121499,264222,63,87.7899996,1,1
1121510,31202,5,6.730000019,1,0
1121511,252991,49,76.83999932,3,0
1121514,56265,9,15.53999972,1,0
1121523,76923,11,17.67000008,2,2
1121524,209332,30,49.60000014,3,1
1121525,214094,31,53.26999903,1,0
1121526,526209,85,126.9299996,3,2
1121527,741143,120,179.620001,4,1
1121528,172827,25,38.42000043,2,0
1121530,188873,38,58.5999999,1,1
1121532,123126,25,39.72999978,2,1
1121535,77794,14,19.11000001,1,1
1121541,56630,9,15.81000018,1,1
1121544,400844,85,140.9700022,4,2
1121545,208572,36,60.76000023,2,1
1121548,59004,8,13.51000011,1,0
1121551,196253,32,55.10000002,1,0
1121554,51858,8,12.63000011,1,1
1121557,280764,49,81.36000025,2,1
1121561,63660,11,16.47000003,1,1
1121562,109289,19,31.02999997,1,0
1121568,188440,40,60.72999966,2,1
1121571,212496,44,74.83000135,2,1
1121572,32574,5,7.480000019,1,0
1121575,128595,23,36.4800005,1,1
1121577,242234,48,68.06000054,2,0
1121584,33154,5,7.879999995,1,1
1121585,9773,1,1.460000038,1,0
1121589,464036,77,123.5500004,3,1
1121590,478480,75,135.7500012,3,1
1121592,428812,66,116.8800001,4,2
1121593,1177535,221,365.6600009,15,3
1121594,426500,72,128.2799988,4,1
1121597,54237,7,10.77999985,2,1
1121598,506916,89,133.6999986,2,2
1121599,250960,42,64.87999952,2,0
1121601,2286228,353,603.380002,16,7
1121602,915451,125,220.559999,6,1
1121603,159478,20,33.89999998,3,1
1121605,1228924,190,318.9700032,6,3
1121606,938283,134,248.6400001,7,2
1121607,154572,26,40.93000007,1,1
1121609,378171,70,109.2500008,1,0
1121612,468749,84,134.1199975,6,1
1121613,309823,60,103.3899996,4,4
1121615,327227,65,116.5599996,5,0
1121616,334945,72,120.2999994,2,1
1121617,68859,15,25.45999968,1,0
1121619,127125,20,35.67999983,2,0
1121620,415798,80,131.7800006,3,1
1121622,107671,20,29.91000021,1,1
1121623,164356,28,46.7900002,2,1
1121624,17662,2,3.189999938,1,0
1121627,65339,10,16.67999983,2,0
1121628,59838,7,11.11000013,1,0
1121629,381577,81,127.5699993,2,0
1121635,45491,8,11.00999999,1,0
1121638,18946,2,3.599999905,1,0
1121641,114370,18,33.65999997,1,0
1121642,99698,21,33.3499999,1,0
1121644,355165,81,128.6099997,4,3
1121650,101431,23,33.93000031,1,1
1121652,123151,24,36.4400003,2,1
1121660,24078,4,5.769999981,1,0
1121661,517801,105,181.7200011,3,0
1121662,145104,25,41.42000008,2,1
1121664,179950,35,58.67999971,1,0
1121665,258531,46,80.33999979,2,0
1121666,272500,62,104.4599996,3,0
1121667,273197,57,87.7300005,3,0
1121668,775904,172,253.990002,4,2
1121669,120251,26,39.44000006,1,0
1121671,139406,24,39.04999948,1,0
1121672,60314,11,16.93999958,2,1
1121673,563074,86,142.7099985,4,2
1121674,168655,18,27.29999983,2,0
1121675,111963,17,29.3799994,2,1
1121676,1026304,168,277.5799986,17,8
1121677,1391924,258,422.8400038,17,10
1121678,147551,22,38.50000083,1,0
1121685,66794,9,17.3299998,1,1
1121687,118882,19,32.30999994,2,1
1121689,148010,24,41.96999943,1,0
1121691,932890,197,352.4499989,3,1
1121692,718359,147,264.5899997,4,1
1121693,433658,82,158.5999998,5,2
1121695,29455,3,4.769999981,1,0
1121701,23973,3,4.820000052,1,1
1121705,126480,25,37.25999999,1,1
1121706,138959,28,39.5200007,1,0
1121708,68829,12,19.47999978,1,0
1121711,49916,10,16.38,1,1
1121716,76014,16,22.67000031,1,1
1121723,50947,10,15.99000025,1,0
1121733,55536,11,17.04999995,1,0
1121741,318042,46,64.40999997,8,4
1121742,213016,30,44.21999955,8,2
1121745,182265,27,38.18000007,2,1
1121746,1117371,177,268.050002,26,5
1121749,333345,52,77.59000027,5,1
1121751,275930,30,46.77999997,5,2
1121753,740631,101,153.1199975,9,1
1121754,328272,35,55.99000025,2,1
1121755,178455,20,31.5400002,6,3
1121756,705712,98,147.339999,6,1
1121758,690373,91,159.5700021,5,2
1121759,515812,69,117.6299995,3,1
1121760,764793,101,171.9799976,4,2
1121763,87832,11,18.10000038,1,1
1121764,23368,3,4.300000191,1,0
1121765,51509,7,11.57000005,1,0
1121767,87043,16,24.48000002,2,0
1121768,565565,113,169.6699982,7,4
1121769,253758,43,62.14000034,4,1
1121773,319131,51,76.68000025,6,1
1121774,670608,130,195.1499978,11,3
1121775,159123,25,38.36000013,5,3
1121776,103709,15,24.56999969,3,1
1121779,271589,45,74.41000032,9,3
1121780,119772,20,33.46999907,5,2
1121782,26340,3,4.220000029,1,1
1121783,594968,111,147.6700006,4,0
1121791,6838,0,0,1,0
1121793,185665,39,62.14000058,1,0
1121795,24959,3,4.560000062,1,1
1121796,136967,23,35.05999982,3,1
1121798,107548,19,29.31000018,1,0
1121803,588617,119,169.9199973,2,0
1121806,190560,26,41.63,3,1
1121807,373110,49,75.70000076,4,2
1121812,935646,170,256.4699982,19,6
1121814,2223278,421,612.3000032,38,13
1121815,240497,36,51.84000087,1,0
1121816,259984,37,54.7900002,5,0
1121817,606786,127,179.050001,11,3
1121818,83270,13,17.74000001,1,0
1121819,1189509,268,375.7199963,7,3
1121820,11471,1,1.570000052,0,0
1121824,1705246,295,429.4799981,23,10
1121826,418016,63,95.8500005,3,1
1121827,30155,3,3.819999933,1,0
1121828,990404,153,226.5399992,12,6
1121829,187468,34,50.72000062,2,1
1121832,208301,33,54.57000089,1,0
1121833,101856,16,25.22000039,4,1
1121835,48935,7,9.970000267,1,1
1121839,13911,1,1.730000019,1,1
1121841,511726,77,123.0900019,8,4
1121843,177452,24,37.83000016,2,0
1121844,149808,20,33.03999937,1,1
1121845,390339,60,105.0199997,9,6
1121846,8350,0,0,1,0
1121847,39339,4,5.929999948,1,0
1121854,8587,0,0,1,0
1121855,24893,2,3.75,1,0
1121856,1296189,212,343.2599944,14,4
1121857,91607,12,19.1899997,2,1
1121859,238036,38,61.02999771,6,3
1121860,254344,35,56.16999996,2,1
1121861,157705,23,39.23000026,2,0
1121862,411571,60,99.1799984,6,1
1121863,94136,11,16.17999971,1,0
1121867,82640,16,23.97000039,1,1
1121869,17870,2,2.620000005,1,1
1121871,19178,2,2.779999971,1,1
1121873,5264,0,0,1,0
1121874,145548,28,42.37000036,2,1
1121876,82455,15,22.04999971,1,0
1121877,44189,7,10.31999981,2,0
1121878,45199,7,9.809999943,1,0
1121881,221843,43,63.45000076,5,0
1121888,41672,6,10.54999995,2,1
1121889,127546,25,38.94000041,2,0
1121890,127865,28,38.02999961,3,1
1121891,1025327,229,314.2999983,16,2
1121894,561415,124,173.76,3,0
1121895,132803,25,37.32000124,2,1
1121897,24664,2,2.629999995,1,1
1121901,1020561,172,263.8100007,7,3
1121902,682143,114,177.1099993,6,2
1121903,1247717,222,343.4199994,11,4
1121904,146406,23,33.22999942,1,1
1121905,905699,161,234.6599982,4,1
1121906,1184580,194,297.8299981,14,3
1121907,98057,20,31.00999963,1,1
1121917,238735,56,84.65999889,4,1
1121918,320657,77,115.8800026,2,0
1121925,244074,57,84.51000023,4,2
1121928,39146,8,13.05999959,1,0
1121931,78468,15,23.64999962,1,0
1121933,325653,63,89.35000026,2,0
1121935,66277,12,17.30000019,1,0
1121936,93002,16,23.33999968,1,0
1121944,109723,27,40.9600004,1,0
1121948,118941,35,50.11000001,4,1
1121949,221576,47,66.79000068,6,1
1121953,8341,1,1.639999986,1,0
1121954,120335,26,36.2299993,2,0
1121955,182098,40,62.86999989,1,1
1121956,227473,52,71.58000052,1,1
1121962,1050947,230,350.5099957,6,1
1121963,720859,162,213.6899986,13,5
1121971,41111,8,10.96000016,1,0
1121973,148616,25,37.39999962,6,4
1121976,707260,135,210.8200028,13,6
1121977,139596,26,42.41000032,1,1
1121983,105399,22,33.19999933,2,0
1121994,222378,50,72.91000104,1,0
1122003,975792,210,293.8800011,10,4
1122004,579150,125,167.0499997,5,1
1122005,449588,81,123.800001,5,2
1122006,318157,56,85.70000196,3,0
1122007,196967,43,65.17999971,2,1
1122011,158298,37,46.43000007,4,1
1122012,222739,55,68.55999959,5,2
1122022,20780,5,8.189999938,1,0
1122027,128616,33,48.54999948,2,0
1122039,258954,61,82.27999902,1,0
1122040,205289,48,71.53000104,3,0
1122041,611601,138,191.419996,8,3
1122043,947657,233,321.8700004,8,4
1122044,233043,49,65.03000033,2,0
1122047,582725,142,194.8099988,9,2
1122052,265038,51,78.45999932,2,1
1122054,222273,39,53.62999868,6,1
1122055,797234,170,243.7699978,4,1
1122056,925555,182,262.8899981,4,2
1122058,22210,3,4.050000191,1,1
1122075,46391,11,16.40999985,3,1
1122078,190477,42,66.38999987,1,0
1122079,25382,7,9.609999895,1,0
1122085,65726,17,22.12000012,2,0
1122089,195220,51,78.06000042,1,0
1122092,107501,27,40.87999928,2,2
1122101,197772,63,88.21000016,7,2
1122102,138154,35,48.93999863,1,0
1122103,270124,69,95.84999895,2,0
1122105,303971,77,106.9299998,11,6
1122107,682046,183,254.419997,4,2
1122109,328365,83,117.3400005,2,1
1122112,1083259,276,390.2599992,11,0
1122113,913929,245,340.4099993,7,2
1122118,101586,24,33.47000039,2,1
1122120,181053,46,66.27999985,3,1
1122121,133419,35,48.18000007,2,1
1122125,489573,113,156.1199993,3,2
1122127,822023,194,288.3300035,6,0
1122131,93176,29,40.37000024,1,1
1122138,47229,13,19.27999985,1,0
1122139,92263,24,34.03000015,1,0
1122140,81551,21,29.67000008,1,0
1122145,141037,32,47.78999913,3,0
1122146,319501,79,111.6500003,0,0
1122149,72741,19,24.33000016,2,0
1122154,597419,135,188.5100002,2,1
1122157,98768,21,33.14000034,1,1
1122160,173165,41,59.85000026,1,0
1122165,55823,13,21.10999966,1,1
1122166,118451,28,38.35000062,4,1
1122176,74424,22,30.84000027,1,1
1122177,47929,12,14.58999991,1,1
1122182,40801,12,15.91999972,0,0
1122183,66017,17,24.22000015,1,0
1122189,725043,179,238.4000007,5,3
1122191,382776,97,132.7300007,5,1
1122192,548250,137,201.6000042,5,1
1122193,1358324,346,465.0799981,8,2
1122197,662249,163,234.9399992,2,0
1122200,559554,139,195.0799994,2,0
1122201,320757,68,104.6899989,2,0
1122202,906151,202,295.5499957,1,0
1122203,699314,164,226.0300014,3,0
1122204,850337,198,287.690003,3,1
1122205,1015460,247,315.9000051,9,2
1122209,890295,227,332.9899989,1,0
1122210,791817,194,282.490001,4,2
1122211,317601,76,115.6600008,1,0
1122212,685211,164,247.3200026,4,3
1122213,32781,7,11.20000017,2,2
1122216,76785,19,25.45999998,3,0
1122217,719083,206,299.5299983,12,5
1122223,368480,107,140.4200011,5,4
1122224,260945,73,100.8800011,2,2
1122225,40998,10,13.35000038,1,0
1122227,183293,53,73.74999964,2,1
1122232,221561,55,76.75999916,1,0
1122233,436943,109,145.8199974,1,1
1122240,284488,90,125.2700011,1,1
1122244,85083,32,38.62999976,1,1
1122246,14167,5,7.139999986,1,0
1122249,300637,84,116.9899981,2,0
1122253,449921,129,175.9700005,5,1
1122254,282899,71,105.6600007,1,0
1122257,669671,186,259.1799988,4,1
1122258,108655,28,46.92000186,1,0
1122260,536248,146,187.7399978,3,0
1122262,1055017,265,380.6599952,16,2
1122265,1428421,367,541.7000023,10,0
1122266,1088027,272,409.5600026,9,4
1122267,288517,78,102.3900002,3,0
1122268,202231,53,67.13000107,3,1
1122270,73222,16,22.86000025,1,0
1122271,348542,96,134.889999,2,0
1122273,1097966,266,369.069997,16,8
1122274,526923,138,198.0899972,2,1
1122276,264386,66,91.00000054,4,1
1122277,854940,227,297.9100007,8,3
1122279,113567,34,50.29000044,3,0
1122282,22859,6,9.419999838,1,0
1122288,51754,13,20.51999998,1,0
1122290,104347,28,38.13999993,4,3
1122303,391998,97,142.0500025,3,1
1122304,1111156,282,402.3000026,5,0
1122308,427772,117,159.299999,3,1
1122310,536457,136,193.6599991,2,1
1122311,179894,43,66.83999872,2,0
1122312,479882,131,178.6700007,6,0
1122313,358261,91,130.3600011,1,0
1122316,346688,88,114.8599998,2,0
1314296,33445,2,3.199999928,1,0
1314297,72228,5,7.529999852,4,4
1314298,49699,2,2.690000057,2,1
1314299,189761,18,27.32999969,4,1
1314301,312524,37,53.78999972,2,0
1314303,496760,42,61.00999904,10,3
1314306,310988,34,46.66999936,11,3
1314307,98606,9,12.10999984,1,0
1314308,51104,2,3.199999928,3,1
1314309,276762,22,32.09000015,5,1
1314312,33534,2,2.960000038,1,1
1314313,128859,16,23.69999957,1,0
1314314,92080,12,16.94000018,3,2
1314316,211882,33,46.64999926,3,1
1314318,112776,9,12.67999995,1,0
1314319,145324,14,19.82000005,2,1
1314320,106492,14,21.26000023,2,0
1314321,233845,30,40.73000062,3,0
1314323,155426,17,25.01000023,3,0
1314324,97540,8,11.5199995,2,1
1314325,61441,5,7.700000048,1,0
1314326,76703,9,12.14999962,3,1
1314327,68619,10,14.96000034,1,0
1314330,17559,1,1.49000001,1,1
1314331,137879,19,28.47000003,2,0
1314332,67710,10,15.14999998,1,0
1314333,348180,41,60.22999907,3,1
1314334,146246,18,28.71999955,3,1
1314336,187236,24,34.86999965,2,2
1314337,72157,9,13.50000036,1,1
1314338,91180,10,13.55999994,1,0
1314339,86293,6,9.259999871,1,1
1314341,101410,12,17.94000006,4,0
1314343,134245,18,25.75000024,2,1
1314345,125650,20,30.08000076,4,0
1314346,50406,5,7.26000011,1,1
1314348,121769,13,18.41999996,2,1
1314349,267106,34,50.5,4,1
1314350,365539,57,82.13999915,5,2
1314351,188758,25,36.60000038,2,1
1314353,108426,13,19.58000016,1,0
1314354,138525,9,13.65000045,3,0
1314355,150858,21,30.26000011,1,0
1314357,524306,81,113.6800029,10,4
1314358,104496,9,11.42999983,3,2
1314359,452519,68,99.52000237,7,2
1314360,442919,76,110.7800021,21,2
1314361,596831,86,120.8799992,11,0
1314362,173912,26,35.54000032,2,1
1314363,780967,86,119.6400018,20,4
1314364,132124,8,11.18999994,4,0
1314365,623137,100,138.9200006,12,1
1314366,99020,10,14.48000044,4,1
1314367,665817,117,163.8000002,23,9
1314368,699232,80,111.9899995,12,3
1314371,72982,11,15.04999995,1,0
1314372,975884,167,237.3199975,14,3
1314373,245607,33,47.87999952,3,1
1314377,485369,114,164.6400015,3,0
1314378,866355,139,200.8299961,11,5
1314379,502710,72,105.2199969,8,2
1314380,475184,88,127.3200028,4,1
1314381,357401,47,68.67000008,8,1
1314382,99810,14,20.05000019,2,0
1314383,81569,6,9.409999967,3,1
1314384,441192,53,77.59999979,6,2
1314385,90470,11,16.73000002,1,1
1314386,834243,166,246.7499975,18,7
1314387,696612,152,223.1899948,31,9
1314388,329333,48,67.60999918,1,0
1314389,1114711,224,319.0000019,6,0
1314390,267316,58,82.92999887,3,0
1314391,228629,38,57,2,0
1314392,758340,159,233.110002,13,4
1314393,877535,149,217.7799966,5,2
1314394,1357386,223,323.0600071,10,1
1314395,280240,61,87.99000168,2,2
1314396,419922,75,105.4500008,3,1
1314397,402975,83,120.8999977,1,0
1314398,1137635,211,301.0499992,30,10
1314400,250234,40,62.31999922,4,1
1314401,904907,195,279.219995,11,1
1314402,589270,107,158.0500023,10,4
1314403,168714,24,36.01000071,2,2
1314404,71982,11,16.34000051,1,0
1314405,558666,110,162.6399975,14,5
1314406,1118200,235,333.7499943,11,4
1314407,107100,23,33.71000051,1,0
1314408,877769,160,232.5900005,13,4
1314409,212508,33,47.69000006,4,1
1314410,1129773,252,358.189997,13,2
1314411,637549,120,173.8800035,3,0
1314412,151531,28,40.28999949,2,0
1314414,790253,135,198.7100005,8,2
1314415,513161,114,165.6099987,5,2