user_id,reporting_start,reporting_end,age,gender,interest1,interest2,interest3
708746,17/08/2017,17/08/2017,30-34,M,15,17,17
708749,17/08/2017,17/08/2017,30-34,M,16,19,21
708771,17/08/2017,17/08/2017,30-34,M,20,25,22
708815,30/08/2017,30/08/2017,30-34,M,28,32,32
708818,17/08/2017,17/08/2017,30-34,M,28,33,32
708820,17/08/2017,17/08/2017,30-34,M,29,30,30
708889,17/08/2017,17/08/2017,30-34,M,15,16,17
708895,17/08/2017,17/08/2017,30-34,M,16,20,18
708953,17/08/2017,17/08/2017,30-34,M,27,31,31
708958,30/08/2017,30/08/2017,30-34,M,28,32,31
708979,30/08/2017,30/08/2017,30-34,M,31,37,34
709023,29/08/2017,29/08/2017,30-34,M,7,8,8
709038,29/08/2017,29/08/2017,30-34,M,16,20,22
709040,29/08/2017,29/08/2017,30-34,M,16,19,21
709059,30/08/2017,30/08/2017,30-34,M,20,26,23
709105,30/08/2017,30/08/2017,30-34,M,28,30,32
709115,30/08/2017,30/08/2017,30-34,M,30,34,31
709124,30/08/2017,30/08/2017,30-34,M,31,34,33
709179,30/08/2017,30/08/2017,35-39,M,15,16,17
709183,30/08/2017,30/08/2017,35-39,M,16,20,22
709320,17/08/2017,17/08/2017,35-39,M,15,21,20
709323,17/08/2017,17/08/2017,35-39,M,15,17,19
709326,18/08/2017,18/08/2017,35-39,M,16,22,22
709327,18/08/2017,18/08/2017,35-39,M,16,22,20
709328,18/08/2017,18/08/2017,35-39,M,16,19,18
709455,18/08/2017,18/08/2017,35-39,M,7,12,10
709544,18/08/2017,18/08/2017,35-39,M,29,33,32
709614,19/08/2017,19/08/2017,40-44,M,16,19,20
709756,19/08/2017,19/08/2017,40-44,M,16,21,21
709761,18/08/2017,18/08/2017,40-44,M,16,19,20
709899,18/08/2017,18/08/2017,40-44,M,15,18,20
709901,18/08/2017,18/08/2017,40-44,M,16,18,20
710045,17/08/2017,17/08/2017,45-49,M,16,22,17
710088,17/08/2017,17/08/2017,45-49,M,24,26,27
710360,17/08/2017,17/08/2017,45-49,M,21,26,24
710477,17/08/2017,17/08/2017,30-34,F,16,19,19
710480,17/08/2017,17/08/2017,30-34,F,16,21,20
710571,18/08/2017,18/08/2017,30-34,F,32,37,38
710617,18/08/2017,18/08/2017,30-34,F,15,19,16
710623,18/08/2017,18/08/2017,30-34,F,16,19,20
710628,17/08/2017,17/08/2017,30-34,F,18,24,22
710682,29/08/2017,29/08/2017,30-34,F,27,33,32
710763,29/08/2017,29/08/2017,30-34,F,15,19,17
710836,27/08/2017,27/08/2017,30-34,F,29,33,31
710867,26/08/2017,26/08/2017,30-34,F,63,64,68
710880,26/08/2017,26/08/2017,30-34,F,65,70,68
710961,27/08/2017,27/08/2017,35-39,F,25,29,26
710968,27/08/2017,27/08/2017,35-39,F,27,31,29
711217,27/08/2017,27/08/2017,35-39,F,20,26,23
711623,27/08/2017,27/08/2017,40-44,F,15,18,20
711764,27/08/2017,27/08/2017,45-49,F,10,16,11
711785,26/08/2017,26/08/2017,45-49,F,19,25,23
711877,26/08/2017,26/08/2017,45-49,F,63,67,65
712052,25/08/2017,25/08/2017,45-49,F,10,13,11
734209,25/08/2017,25/08/2017,30-34,M,10,16,14
734210,25/08/2017,25/08/2017,30-34,M,10,16,13
734215,26/08/2017,26/08/2017,30-34,M,15,19,17
734243,26/08/2017,26/08/2017,30-34,M,21,23,24
734266,26/08/2017,26/08/2017,30-34,M,25,30,27
734272,26/08/2017,26/08/2017,30-34,M,26,32,29
734290,26/08/2017,26/08/2017,30-34,M,29,32,35
734313,26/08/2017,26/08/2017,30-34,M,36,38,38
734314,27/08/2017,27/08/2017,30-34,M,36,38,38
734352,27/08/2017,27/08/2017,35-39,M,10,11,16
734361,29/08/2017,29/08/2017,35-39,M,16,19,19
734381,29/08/2017,29/08/2017,35-39,M,20,25,24
734399,28/08/2017,28/08/2017,35-39,M,23,24,27
734418,29/08/2017,29/08/2017,35-39,M,26,27,28
734421,29/08/2017,29/08/2017,35-39,M,27,29,32
734427,29/08/2017,29/08/2017,35-39,M,28,29,31
734433,29/08/2017,29/08/2017,35-39,M,29,35,31
734582,29/08/2017,29/08/2017,40-44,M,29,33,33
734605,28/08/2017,28/08/2017,40-44,M,36,37,41
734660,28/08/2017,28/08/2017,45-49,M,18,22,23
734666,28/08/2017,28/08/2017,45-49,M,19,24,20
734726,28/08/2017,28/08/2017,45-49,M,29,30,35
734737,27/08/2017,27/08/2017,45-49,M,31,37,33
734785,28/08/2017,28/08/2017,30-34,F,10,13,13
734794,28/08/2017,28/08/2017,30-34,F,16,19,17
734796,28/08/2017,28/08/2017,30-34,F,16,22,17
734800,28/08/2017,28/08/2017,30-34,F,18,20,20
734803,28/08/2017,28/08/2017,30-34,F,18,19,21
734852,28/08/2017,28/08/2017,30-34,F,26,30,29
734854,19/08/2017,19/08/2017,30-34,F,27,33,32
734856,19/08/2017,19/08/2017,30-34,F,27,28,32
734866,20/08/2017,20/08/2017,30-34,F,29,32,31
734881,20/08/2017,20/08/2017,30-34,F,31,32,34
734901,20/08/2017,20/08/2017,30-34,F,64,70,68
734903,20/08/2017,20/08/2017,30-34,F,64,69,67
734925,20/08/2017,20/08/2017,35-39,F,10,11,12
734939,20/08/2017,20/08/2017,35-39,F,16,19,22
734968,20/08/2017,20/08/2017,35-39,F,22,25,27
734999,20/08/2017,20/08/2017,35-39,F,27,32,32
735014,19/08/2017,19/08/2017,35-39,F,29,34,30
735032,19/08/2017,19/08/2017,35-39,F,32,33,34
735033,18/08/2017,18/08/2017,35-39,F,36,40,40
735043,18/08/2017,18/08/2017,35-39,F,63,65,69
735048,18/08/2017,18/08/2017,35-39,F,64,65,68
735065,19/08/2017,19/08/2017,40-44,F,7,10,12
735109,19/08/2017,19/08/2017,40-44,F,21,26,25
735140,19/08/2017,19/08/2017,40-44,F,26,27,31
735143,19/08/2017,19/08/2017,40-44,F,27,28,30
735151,19/08/2017,19/08/2017,40-44,F,28,30,31
735184,19/08/2017,19/08/2017,40-44,F,63,66,67
735189,21/08/2017,21/08/2017,40-44,F,64,65,66
735213,21/08/2017,21/08/2017,45-49,F,10,16,11
735220,18/08/2017,18/08/2017,45-49,F,15,17,17
735242,18/08/2017,18/08/2017,45-49,F,19,25,21
735247,18/08/2017,18/08/2017,45-49,F,20,24,25
735289,18/08/2017,18/08/2017,45-49,F,27,30,30
735290,18/08/2017,18/08/2017,45-49,F,27,29,33
735298,18/08/2017,18/08/2017,45-49,F,29,31,32
736869,18/08/2017,18/08/2017,30-34,M,2,6,8
736890,18/08/2017,18/08/2017,30-34,M,15,16,20
736893,18/08/2017,18/08/2017,30-34,M,16,17,17
736977,18/08/2017,18/08/2017,30-34,M,27,30,28
736988,21/08/2017,21/08/2017,30-34,M,28,29,29
736995,21/08/2017,21/08/2017,30-34,M,29,34,34
736997,21/08/2017,21/08/2017,30-34,M,29,32,33
737097,21/08/2017,21/08/2017,35-39,M,7,10,11
737130,21/08/2017,21/08/2017,35-39,M,16,19,18
737320,18/08/2017,18/08/2017,35-39,M,63,64,66
737375,21/08/2017,21/08/2017,40-44,M,10,11,11
737524,21/08/2017,21/08/2017,40-44,M,30,34,33
737644,21/08/2017,21/08/2017,45-49,M,16,22,17
737657,18/08/2017,18/08/2017,45-49,M,18,23,20
737658,18/08/2017,18/08/2017,45-49,M,18,19,24
737674,20/08/2017,20/08/2017,45-49,M,20,21,24
737766,20/08/2017,20/08/2017,45-49,M,29,33,33
737896,20/08/2017,20/08/2017,30-34,F,16,21,22
737931,20/08/2017,20/08/2017,30-34,F,20,26,24
737961,20/08/2017,20/08/2017,30-34,F,23,29,28
737995,20/08/2017,20/08/2017,30-34,F,26,27,31
738006,20/08/2017,20/08/2017,30-34,F,27,29,32
738067,20/08/2017,20/08/2017,30-34,F,32,37,36
738098,20/08/2017,20/08/2017,30-34,F,64,70,68
738307,20/08/2017,20/08/2017,35-39,F,31,36,36
738389,19/08/2017,19/08/2017,40-44,F,10,16,12
738408,19/08/2017,19/08/2017,40-44,F,16,22,22
738413,19/08/2017,19/08/2017,40-44,F,16,17,19
738423,19/08/2017,19/08/2017,40-44,F,18,20,24
738436,19/08/2017,19/08/2017,40-44,F,19,21,20
738463,20/08/2017,20/08/2017,40-44,F,21,23,24
738528,19/08/2017,19/08/2017,40-44,F,30,34,33
738560,19/08/2017,19/08/2017,40-44,F,64,70,66
738582,19/08/2017,19/08/2017,45-49,F,10,16,12
738592,20/08/2017,20/08/2017,45-49,F,16,22,20
738593,20/08/2017,20/08/2017,45-49,F,16,17,21
738598,21/08/2017,21/08/2017,45-49,F,18,23,24
738606,21/08/2017,21/08/2017,45-49,F,19,20,23
738637,21/08/2017,21/08/2017,45-49,F,24,26,30
738648,18/08/2017,18/08/2017,45-49,F,26,30,27
747212,18/08/2017,18/08/2017,30-34,M,10,16,14
747213,18/08/2017,18/08/2017,30-34,M,10,12,11
747220,18/08/2017,18/08/2017,30-34,M,15,17,16
747222,18/08/2017,18/08/2017,30-34,M,16,22,20
747223,18/08/2017,18/08/2017,30-34,M,16,18,18
747248,21/08/2017,21/08/2017,30-34,M,21,24,24
747332,21/08/2017,21/08/2017,30-34,M,64,68,65
747362,21/08/2017,21/08/2017,35-39,M,15,16,18
747369,21/08/2017,21/08/2017,35-39,M,16,17,21
747370,20/08/2017,20/08/2017,35-39,M,16,17,19
747401,21/08/2017,21/08/2017,35-39,M,22,25,25
747435,21/08/2017,21/08/2017,35-39,M,28,29,30
747439,21/08/2017,21/08/2017,35-39,M,29,35,33
747489,21/08/2017,21/08/2017,40-44,M,2,7,6
747514,21/08/2017,21/08/2017,40-44,M,16,20,17
747645,21/08/2017,21/08/2017,45-49,M,10,14,13
747659,25/08/2017,25/08/2017,45-49,M,16,21,17
747675,25/08/2017,25/08/2017,45-49,M,20,22,21
747678,25/08/2017,25/08/2017,45-49,M,21,27,23
747712,24/08/2017,24/08/2017,45-49,M,26,30,29
747790,24/08/2017,24/08/2017,30-34,F,10,12,14
747791,25/08/2017,25/08/2017,30-34,F,10,14,13
747795,25/08/2017,25/08/2017,30-34,F,15,21,18
747798,25/08/2017,25/08/2017,30-34,F,16,21,20
747824,25/08/2017,25/08/2017,30-34,F,21,24,23
747828,25/08/2017,25/08/2017,30-34,F,22,24,24
747852,24/08/2017,24/08/2017,30-34,F,26,32,32
747859,24/08/2017,24/08/2017,30-34,F,27,32,33
747863,24/08/2017,24/08/2017,30-34,F,27,30,33
747879,24/08/2017,24/08/2017,30-34,F,30,36,31
747903,24/08/2017,24/08/2017,30-34,F,63,69,69
747911,24/08/2017,24/08/2017,30-34,F,64,66,66
747968,24/08/2017,24/08/2017,35-39,F,21,27,24
747991,24/08/2017,24/08/2017,35-39,F,25,31,27
748000,24/08/2017,24/08/2017,35-39,F,26,27,32
748007,24/08/2017,24/08/2017,35-39,F,27,29,28
748014,24/08/2017,24/08/2017,35-39,F,29,31,35
748045,25/08/2017,25/08/2017,35-39,F,63,69,64
748086,25/08/2017,25/08/2017,40-44,F,16,19,18
748087,26/08/2017,26/08/2017,40-44,F,16,22,19
748089,26/08/2017,26/08/2017,40-44,F,16,18,21
748091,26/08/2017,26/08/2017,40-44,F,16,17,19
748225,26/08/2017,26/08/2017,45-49,F,15,16,17
748230,26/08/2017,26/08/2017,45-49,F,16,17,20
748231,27/08/2017,27/08/2017,45-49,F,16,18,21
748233,27/08/2017,27/08/2017,45-49,F,16,22,18
748235,26/08/2017,26/08/2017,45-49,F,16,18,19
748294,26/08/2017,26/08/2017,45-49,F,27,32,31
748295,26/08/2017,26/08/2017,45-49,F,27,31,32
748303,25/08/2017,25/08/2017,45-49,F,29,32,33
748314,25/08/2017,25/08/2017,45-49,F,31,34,32
748341,25/08/2017,25/08/2017,45-49,F,64,67,68
776318,25/08/2017,25/08/2017,45-49,F,15,16,19
776322,25/08/2017,25/08/2017,45-49,F,16,21,20
776323,26/08/2017,26/08/2017,45-49,F,16,17,18
776325,26/08/2017,26/08/2017,45-49,F,16,19,20
776334,26/08/2017,26/08/2017,45-49,F,10,12,16
776336,26/08/2017,26/08/2017,45-49,F,10,15,14
776338,23/08/2017,23/08/2017,45-49,F,10,12,11
776353,23/08/2017,23/08/2017,40-44,F,63,66,67
776373,21/08/2017,21/08/2017,45-49,F,25,27,27
776383,21/08/2017,21/08/2017,45-49,F,23,27,29
776405,21/08/2017,21/08/2017,45-49,F,21,25,22
776416,21/08/2017,21/08/2017,45-49,F,19,22,20
776430,22/08/2017,22/08/2017,30-34,M,10,14,16
776464,22/08/2017,22/08/2017,45-49,F,29,30,31
776469,22/08/2017,22/08/2017,45-49,F,28,33,29
776473,22/08/2017,22/08/2017,30-34,M,16,22,22
776475,21/08/2017,21/08/2017,30-34,M,16,21,20
776476,21/08/2017,21/08/2017,30-34,M,16,17,18
776477,21/08/2017,21/08/2017,30-34,M,16,22,17
776489,21/08/2017,21/08/2017,45-49,F,26,31,28
776494,21/08/2017,21/08/2017,30-34,M,15,16,16
776515,21/08/2017,21/08/2017,45-49,F,65,68,68
776519,21/08/2017,21/08/2017,45-49,F,65,71,67
776533,21/08/2017,21/08/2017,45-49,F,63,64,68
776534,21/08/2017,21/08/2017,45-49,F,63,69,67
776538,21/08/2017,21/08/2017,30-34,F,15,16,19
776551,21/08/2017,21/08/2017,30-34,F,16,18,22
776552,22/08/2017,22/08/2017,30-34,F,16,17,18
776553,22/08/2017,22/08/2017,30-34,F,16,21,17
776563,23/08/2017,23/08/2017,30-34,F,7,9,13
776579,23/08/2017,23/08/2017,30-34,F,10,13,14
776603,23/08/2017,23/08/2017,30-34,F,2,3,6
776615,23/08/2017,23/08/2017,45-49,M,63,66,68
776623,23/08/2017,23/08/2017,45-49,M,64,69,65
776631,23/08/2017,23/08/2017,40-44,M,29,35,33
776643,23/08/2017,23/08/2017,30-34,M,15,18,18
776644,23/08/2017,23/08/2017,30-34,M,15,21,20
776659,23/08/2017,23/08/2017,30-34,M,16,19,22
776661,23/08/2017,23/08/2017,30-34,M,16,18,22
776662,22/08/2017,22/08/2017,30-34,M,16,18,22
776663,22/08/2017,22/08/2017,30-34,M,16,19,22
776668,22/08/2017,22/08/2017,40-44,M,19,21,24
776685,22/08/2017,22/08/2017,40-44,M,16,22,17
776686,22/08/2017,22/08/2017,40-44,M,16,17,21
776687,23/08/2017,23/08/2017,40-44,M,16,20,20
776696,22/08/2017,22/08/2017,30-34,M,10,11,12
776697,22/08/2017,22/08/2017,30-34,M,10,14,13
776698,22/08/2017,22/08/2017,30-34,M,10,14,16
776699,27/08/2017,27/08/2017,30-34,M,10,16,16
776722,27/08/2017,27/08/2017,30-34,M,2,4,7
776725,22/08/2017,22/08/2017,40-44,M,23,26,27
776780,22/08/2017,22/08/2017,40-44,M,2,4,3
776793,22/08/2017,22/08/2017,45-49,M,21,23,26
776799,22/08/2017,22/08/2017,45-49,M,20,22,26
776817,22/08/2017,22/08/2017,40-44,M,10,14,16
776825,23/08/2017,23/08/2017,45-49,M,18,23,20
776829,23/08/2017,23/08/2017,45-49,M,16,20,19
776831,22/08/2017,22/08/2017,45-49,M,16,18,20
776840,22/08/2017,22/08/2017,35-39,M,36,38,40
776861,22/08/2017,22/08/2017,45-49,M,7,9,12
776892,30/08/2017,30/08/2017,40-44,M,63,66,69
776928,30/08/2017,30/08/2017,35-39,M,10,11,15
776935,30/08/2017,30/08/2017,45-49,M,36,41,38
777105,30/08/2017,30/08/2017,45-49,M,63,67,67
777130,30/08/2017,30/08/2017,35-39,M,16,21,22
777131,22/08/2017,22/08/2017,35-39,M,16,19,21
777166,30/08/2017,30/08/2017,30-34,M,63,69,65
777187,30/08/2017,30/08/2017,40-44,M,27,31,28
777198,30/08/2017,30/08/2017,30-34,M,64,70,69
777200,23/08/2017,23/08/2017,30-34,M,64,69,70
777201,23/08/2017,23/08/2017,30-34,M,64,69,65
777235,24/08/2017,24/08/2017,30-34,M,65,66,67
777248,24/08/2017,24/08/2017,30-34,F,7,9,10
777261,24/08/2017,24/08/2017,40-44,M,29,31,34
777382,25/08/2017,25/08/2017,40-44,M,24,26,27
777398,25/08/2017,25/08/2017,35-39,M,24,27,30
777410,25/08/2017,25/08/2017,45-49,M,26,29,28
777482,25/08/2017,25/08/2017,45-49,M,28,32,32
777495,25/08/2017,25/08/2017,40-44,M,19,25,25
777519,24/08/2017,24/08/2017,45-49,M,29,34,32
777625,24/08/2017,24/08/2017,45-49,M,16,17,19
777627,23/08/2017,23/08/2017,45-49,M,16,17,19
777638,23/08/2017,23/08/2017,40-44,M,7,10,12
777670,23/08/2017,23/08/2017,40-44,M,16,19,19
777673,23/08/2017,23/08/2017,40-44,M,16,18,17
777742,23/08/2017,23/08/2017,35-39,M,64,69,68
777758,24/08/2017,24/08/2017,30-34,M,19,20,20
777794,24/08/2017,24/08/2017,30-34,M,18,23,24
777816,23/08/2017,23/08/2017,40-44,M,2,7,7
777871,23/08/2017,23/08/2017,30-34,M,20,26,23
777904,30/08/2017,30/08/2017,30-34,M,31,32,33
777905,30/08/2017,30/08/2017,30-34,M,31,36,36
778037,28/08/2017,28/08/2017,35-39,M,27,29,28
778048,28/08/2017,28/08/2017,30-34,M,27,28,29
778085,28/08/2017,28/08/2017,30-34,M,26,32,31
778087,28/08/2017,28/08/2017,30-34,M,26,30,32
778112,28/08/2017,28/08/2017,35-39,M,29,33,35
778113,28/08/2017,28/08/2017,35-39,M,29,35,35
778124,28/08/2017,28/08/2017,30-34,M,29,34,32
778148,28/08/2017,28/08/2017,35-39,M,28,32,30
778156,28/08/2017,28/08/2017,30-34,M,28,32,31
778161,27/08/2017,27/08/2017,30-34,M,28,31,33
778208,27/08/2017,27/08/2017,40-44,F,29,32,32
778264,27/08/2017,27/08/2017,40-44,F,27,31,30
778266,27/08/2017,27/08/2017,40-44,F,27,32,28
778421,27/08/2017,27/08/2017,40-44,F,20,21,23
778422,27/08/2017,27/08/2017,40-44,F,20,25,24
778461,27/08/2017,27/08/2017,40-44,M,29,35,33
778471,27/08/2017,27/08/2017,30-34,M,32,35,36
778483,27/08/2017,27/08/2017,40-44,F,18,24,20
778529,27/08/2017,27/08/2017,30-34,M,31,35,33
778556,28/08/2017,28/08/2017,40-44,M,32,35,38
778590,28/08/2017,28/08/2017,30-34,M,30,36,36
778600,29/08/2017,29/08/2017,40-44,F,22,23,25
778626,29/08/2017,29/08/2017,30-34,M,29,33,35
778628,29/08/2017,29/08/2017,30-34,M,29,35,30
778674,29/08/2017,29/08/2017,35-39,M,29,31,30
778689,30/08/2017,30/08/2017,30-34,M,28,32,32
778722,30/08/2017,30/08/2017,35-39,F,64,70,67
778737,30/08/2017,30/08/2017,35-39,M,27,32,30
778756,30/08/2017,30/08/2017,35-39,F,63,65,65
778804,30/08/2017,30/08/2017,30-34,M,26,29,29
778808,29/08/2017,29/08/2017,30-34,M,26,28,29
778964,29/08/2017,29/08/2017,35-39,F,27,33,28
779057,29/08/2017,29/08/2017,40-44,M,15,21,21
779106,28/08/2017,28/08/2017,35-39,F,30,35,36
779438,28/08/2017,28/08/2017,30-34,F,64,66,69
779453,29/08/2017,29/08/2017,45-49,M,64,68,70
779488,29/08/2017,29/08/2017,45-49,M,65,68,69
779573,29/08/2017,29/08/2017,35-39,F,10,13,16
779608,29/08/2017,29/08/2017,35-39,F,15,18,16
779609,29/08/2017,29/08/2017,35-39,F,15,20,18
779622,29/08/2017,29/08/2017,30-34,F,15,18,17
779631,19/08/2017,19/08/2017,35-39,F,16,19,18
779644,19/08/2017,19/08/2017,30-34,F,16,20,20
779645,22/08/2017,22/08/2017,30-34,F,16,21,20
779715,22/08/2017,22/08/2017,30-34,F,29,32,33
779716,22/08/2017,22/08/2017,30-34,F,29,32,34
779738,22/08/2017,22/08/2017,30-34,F,28,32,33
779778,22/08/2017,22/08/2017,30-34,F,31,37,34
779789,22/08/2017,22/08/2017,45-49,M,10,14,13
779824,22/08/2017,22/08/2017,45-49,M,7,13,9
779871,22/08/2017,22/08/2017,30-34,F,32,37,34
779918,22/08/2017,22/08/2017,30-34,F,18,23,24
779922,22/08/2017,22/08/2017,30-34,F,18,22,24
779944,21/08/2017,21/08/2017,35-39,M,10,13,16
779979,21/08/2017,21/08/2017,35-39,M,16,17,21
779995,21/08/2017,21/08/2017,30-34,F,20,24,25
780064,21/08/2017,21/08/2017,30-34,F,22,24,25
780104,21/08/2017,21/08/2017,30-34,F,25,27,26
780199,22/08/2017,22/08/2017,35-39,F,23,28,27
780318,22/08/2017,22/08/2017,45-49,F,29,32,31
780323,21/08/2017,21/08/2017,45-49,F,29,35,34
780486,21/08/2017,21/08/2017,30-34,F,65,69,71
780498,22/08/2017,22/08/2017,30-34,F,64,65,68
780511,23/08/2017,23/08/2017,30-34,F,63,65,66
780629,24/08/2017,24/08/2017,30-34,F,28,34,34
780653,24/08/2017,24/08/2017,30-34,F,29,33,35
780655,24/08/2017,24/08/2017,30-34,F,29,33,34
780666,24/08/2017,24/08/2017,45-49,F,10,13,13
780681,24/08/2017,24/08/2017,30-34,F,26,29,29
780700,18/08/2017,18/08/2017,30-34,F,27,33,30
780748,18/08/2017,18/08/2017,30-34,F,24,26,28
780759,18/08/2017,18/08/2017,45-49,F,18,24,22
780760,24/08/2017,24/08/2017,45-49,F,18,23,22
780797,24/08/2017,24/08/2017,30-34,F,22,25,25
780799,23/08/2017,23/08/2017,30-34,F,22,24,26
780821,23/08/2017,23/08/2017,30-34,F,23,24,25
780830,23/08/2017,23/08/2017,45-49,F,16,17,17
780835,23/08/2017,23/08/2017,45-49,F,16,21,21
780867,23/08/2017,23/08/2017,30-34,F,21,27,26
780974,23/08/2017,23/08/2017,40-44,F,32,38,36
781066,23/08/2017,23/08/2017,40-44,F,22,26,25
781114,23/08/2017,23/08/2017,40-44,F,18,24,22
781159,23/08/2017,23/08/2017,40-44,F,10,15,11
781162,21/08/2017,21/08/2017,40-44,F,10,11,13
781175,21/08/2017,21/08/2017,40-44,F,15,16,21
781187,18/08/2017,18/08/2017,40-44,F,16,22,19
781195,18/08/2017,18/08/2017,35-39,F,63,67,69
781207,18/08/2017,18/08/2017,35-39,F,64,67,70
781303,19/08/2017,19/08/2017,35-39,F,27,29,30
781305,19/08/2017,19/08/2017,35-39,F,27,30,28
781327,19/08/2017,19/08/2017,35-39,F,29,35,35
781353,19/08/2017,19/08/2017,35-39,F,10,13,15
781354,19/08/2017,19/08/2017,35-39,F,10,14,16
781438,18/08/2017,18/08/2017,30-34,M,63,65,68
781470,18/08/2017,18/08/2017,35-39,M,16,17,18
781499,18/08/2017,18/08/2017,35-39,M,15,21,20
781508,24/08/2017,24/08/2017,30-34,F,63,68,64
781556,24/08/2017,24/08/2017,30-34,F,32,37,36
781559,18/08/2017,18/08/2017,30-34,F,32,38,34
781606,18/08/2017,18/08/2017,35-39,M,20,21,24
781690,18/08/2017,18/08/2017,45-49,F,26,28,30
781811,18/08/2017,18/08/2017,35-39,F,16,17,22
781857,18/08/2017,18/08/2017,30-34,M,20,21,24
781858,18/08/2017,18/08/2017,30-34,M,20,25,22
781907,19/08/2017,19/08/2017,45-49,F,21,27,23
781928,19/08/2017,19/08/2017,30-34,M,18,21,22
781929,20/08/2017,20/08/2017,30-34,M,18,21,21
781950,20/08/2017,20/08/2017,30-34,F,20,26,21
781999,20/08/2017,20/08/2017,30-34,M,24,30,29
782001,20/08/2017,20/08/2017,30-34,M,24,30,28
782022,20/08/2017,20/08/2017,30-34,F,18,24,20
782026,21/08/2017,21/08/2017,30-34,F,18,24,20
782130,21/08/2017,21/08/2017,30-34,F,16,18,21
782134,21/08/2017,21/08/2017,30-34,F,16,19,21
782135,20/08/2017,20/08/2017,30-34,F,16,20,17
782171,20/08/2017,20/08/2017,30-34,F,30,31,32
782180,19/08/2017,19/08/2017,30-34,M,29,34,30
782219,19/08/2017,19/08/2017,30-34,M,26,27,32
782228,19/08/2017,19/08/2017,40-44,F,63,64,66
782242,19/08/2017,19/08/2017,30-34,F,28,34,31
782275,19/08/2017,19/08/2017,30-34,F,29,31,30
782337,20/08/2017,20/08/2017,45-49,F,16,18,19
782407,20/08/2017,20/08/2017,45-49,F,10,12,11
782443,20/08/2017,20/08/2017,40-44,F,20,25,24
782541,20/08/2017,20/08/2017,40-44,F,28,29,30
782587,18/08/2017,18/08/2017,30-34,M,10,13,16
782647,18/08/2017,18/08/2017,40-44,F,27,33,30
782658,23/08/2017,23/08/2017,30-34,M,15,17,19
782694,23/08/2017,23/08/2017,35-39,F,29,31,35
782706,23/08/2017,23/08/2017,35-39,F,30,32,32
782754,23/08/2017,23/08/2017,35-39,F,26,31,32
782815,23/08/2017,23/08/2017,40-44,F,10,16,15
782816,23/08/2017,23/08/2017,40-44,F,10,13,11
782862,23/08/2017,23/08/2017,35-39,F,64,70,67
950068,23/08/2017,23/08/2017,30-34,M,10,12,13
950078,22/08/2017,22/08/2017,30-34,M,16,22,17
950079,22/08/2017,22/08/2017,30-34,M,16,20,22
950099,22/08/2017,22/08/2017,30-34,M,18,23,23
950109,22/08/2017,22/08/2017,30-34,M,20,24,22
950170,22/08/2017,22/08/2017,30-34,M,15,19,16
950179,22/08/2017,22/08/2017,30-34,M,16,22,19
950182,22/08/2017,22/08/2017,30-34,M,16,20,19
950183,22/08/2017,22/08/2017,30-34,M,16,22,19
950200,22/08/2017,22/08/2017,30-34,M,10,13,15
950224,22/08/2017,22/08/2017,40-44,M,20,21,23
950326,22/08/2017,22/08/2017,35-39,M,16,19,22
950345,23/08/2017,23/08/2017,30-34,M,64,66,65
950452,23/08/2017,23/08/2017,45-49,M,16,22,22
950463,19/08/2017,19/08/2017,45-49,M,15,19,18
950495,19/08/2017,19/08/2017,45-49,M,21,25,25
950521,18/08/2017,18/08/2017,30-34,M,21,27,25
950531,19/08/2017,19/08/2017,45-49,M,22,24,26
950537,19/08/2017,19/08/2017,40-44,M,36,41,40
950550,19/08/2017,19/08/2017,30-34,M,30,35,36
950577,19/08/2017,19/08/2017,30-34,M,32,38,34
950578,19/08/2017,19/08/2017,30-34,M,32,37,37
950595,18/08/2017,18/08/2017,30-34,M,26,30,31
950609,18/08/2017,18/08/2017,30-34,M,29,31,35
950629,23/08/2017,23/08/2017,30-34,M,65,67,68
950631,23/08/2017,23/08/2017,30-34,M,65,70,70
950649,23/08/2017,23/08/2017,30-34,M,64,67,70
950745,18/08/2017,18/08/2017,30-34,M,29,32,31
950770,18/08/2017,18/08/2017,30-34,M,28,31,30
950772,18/08/2017,18/08/2017,35-39,M,28,30,33
950773,18/08/2017,18/08/2017,35-39,M,28,29,32
950776,18/08/2017,18/08/2017,35-39,M,28,29,32
950787,18/08/2017,18/08/2017,30-34,M,27,32,30
950808,22/08/2017,22/08/2017,35-39,M,32,33,38
950839,22/08/2017,22/08/2017,30-34,M,24,29,25
950878,19/08/2017,19/08/2017,40-44,M,10,11,15
950969,19/08/2017,19/08/2017,45-49,M,36,38,40
951021,19/08/2017,19/08/2017,30-34,F,7,13,9
951033,19/08/2017,19/08/2017,30-34,F,10,13,13
951035,19/08/2017,19/08/2017,30-34,F,10,15,12
951043,19/08/2017,19/08/2017,30-34,F,16,22,17
951045,19/08/2017,19/08/2017,30-34,F,16,20,21
951046,19/08/2017,19/08/2017,30-34,F,16,18,17
951102,19/08/2017,19/08/2017,45-49,M,16,18,19
951105,19/08/2017,19/08/2017,45-49,M,16,20,21
951133,18/08/2017,18/08/2017,35-39,M,16,21,19
951202,18/08/2017,18/08/2017,45-49,F,26,29,28
951225,18/08/2017,18/08/2017,35-39,F,22,28,28
951270,18/08/2017,18/08/2017,35-39,F,18,21,19
951282,18/08/2017,18/08/2017,35-39,F,16,22,17
951285,19/08/2017,19/08/2017,35-39,F,16,20,20
951294,19/08/2017,19/08/2017,35-39,F,15,16,17
951305,19/08/2017,19/08/2017,35-39,F,10,12,13
951334,18/08/2017,18/08/2017,30-34,F,64,70,69
951391,19/08/2017,19/08/2017,30-34,F,28,29,33
951392,20/08/2017,20/08/2017,30-34,F,28,31,32
951400,21/08/2017,21/08/2017,45-49,F,10,12,15
951402,21/08/2017,21/08/2017,30-34,F,29,32,31
951413,21/08/2017,21/08/2017,30-34,F,26,29,27
951420,21/08/2017,21/08/2017,30-34,F,27,33,32
951444,21/08/2017,21/08/2017,30-34,F,25,28,26
951448,22/08/2017,22/08/2017,30-34,F,25,30,28
951462,21/08/2017,21/08/2017,45-49,F,16,20,19
951464,21/08/2017,21/08/2017,45-49,F,16,17,21
951465,21/08/2017,21/08/2017,45-49,F,16,18,17
951498,21/08/2017,21/08/2017,45-49,F,20,22,21
951508,21/08/2017,21/08/2017,30-34,F,18,21,22
951542,20/08/2017,20/08/2017,40-44,F,27,32,28
951607,20/08/2017,20/08/2017,40-44,F,10,15,15
951608,20/08/2017,20/08/2017,40-44,F,10,15,13
951641,20/08/2017,20/08/2017,40-44,F,2,4,7
951677,20/08/2017,20/08/2017,35-39,F,27,28,31
951692,21/08/2017,21/08/2017,35-39,F,10,15,14
951715,20/08/2017,20/08/2017,45-49,F,64,65,65
951756,20/08/2017,20/08/2017,35-39,F,22,25,26
951779,20/08/2017,20/08/2017,45-49,F,27,32,29
951782,24/08/2017,24/08/2017,45-49,F,26,30,29
951810,24/08/2017,24/08/2017,35-39,F,16,17,22
951812,29/08/2017,29/08/2017,35-39,F,16,18,18
951837,29/08/2017,29/08/2017,45-49,F,20,23,23
951853,29/08/2017,29/08/2017,30-34,F,20,23,25
951854,25/08/2017,25/08/2017,30-34,F,20,26,25
951856,25/08/2017,25/08/2017,30-34,F,20,23,21
951941,25/08/2017,25/08/2017,30-34,F,28,33,34
952001,25/08/2017,25/08/2017,45-49,F,10,12,13
952031,25/08/2017,25/08/2017,40-44,F,16,17,17
952080,29/08/2017,29/08/2017,40-44,F,27,30,30
952100,29/08/2017,29/08/2017,35-39,F,29,31,30
1121091,28/08/2017,28/08/2017,30-34,M,10,11,15
1121092,28/08/2017,28/08/2017,30-34,M,10,12,11
1121094,28/08/2017,28/08/2017,30-34,M,10,16,15
1121095,28/08/2017,28/08/2017,30-34,M,10,16,12
1121096,28/08/2017,28/08/2017,30-34,M,10,11,16
1121097,29/08/2017,29/08/2017,30-34,M,15,18,18
1121098,29/08/2017,29/08/2017,30-34,M,15,18,21
1121100,29/08/2017,29/08/2017,30-34,M,15,20,17
1121101,28/08/2017,28/08/2017,30-34,M,15,17,21
1121102,25/08/2017,25/08/2017,30-34,M,15,18,20
1121104,25/08/2017,25/08/2017,30-34,M,16,20,20
1121105,26/08/2017,26/08/2017,30-34,M,16,22,19
1121107,26/08/2017,26/08/2017,30-34,M,16,17,19
1121108,26/08/2017,26/08/2017,30-34,M,16,20,18
1121110,26/08/2017,26/08/2017,30-34,M,18,20,22
1121111,26/08/2017,26/08/2017,30-34,M,18,19,21
1121113,27/08/2017,27/08/2017,30-34,M,18,24,24
1121114,27/08/2017,27/08/2017,30-34,M,18,23,23
1121115,26/08/2017,26/08/2017,30-34,M,19,21,21
1121116,26/08/2017,26/08/2017,30-34,M,19,20,24
1121117,26/08/2017,26/08/2017,30-34,M,19,24,25
1121119,25/08/2017,25/08/2017,30-34,M,19,21,22
1121121,25/08/2017,25/08/2017,30-34,M,20,22,25
1121122,25/08/2017,25/08/2017,30-34,M,20,21,25
1121123,25/08/2017,25/08/2017,30-34,M,20,24,22
1121124,26/08/2017,26/08/2017,30-34,M,20,26,24
1121125,26/08/2017,26/08/2017,30-34,M,20,26,24
1121126,26/08/2017,26/08/2017,30-34,M,20,21,24
1121127,26/08/2017,26/08/2017,30-34,M,21,23,22
1121128,26/08/2017,26/08/2017,30-34,M,21,26,22
1121129,28/08/2017,28/08/2017,30-34,M,21,25,25
1121131,28/08/2017,28/08/2017,30-34,M,21,27,25
1121132,21/08/2017,21/08/2017,30-34,M,21,23,27
1121133,21/08/2017,21/08/2017,30-34,M,22,25,23
1121134,21/08/2017,21/08/2017,30-34,M,22,27,28
1121136,21/08/2017,21/08/2017,30-34,M,22,26,26
1121138,21/08/2017,21/08/2017,30-34,M,22,26,24
1121141,21/08/2017,21/08/2017,30-34,M,23,29,27
1121142,21/08/2017,21/08/2017,30-34,M,23,24,27
1121143,21/08/2017,21/08/2017,30-34,M,23,28,27
1121152,20/08/2017,20/08/2017,30-34,M,24,29,28
1121153,20/08/2017,20/08/2017,30-34,M,24,27,30
1121164,19/08/2017,19/08/2017,30-34,M,25,31,30
1121167,19/08/2017,19/08/2017,30-34,M,25,29,31
1121168,19/08/2017,19/08/2017,30-34,M,25,27,28
1121172,20/08/2017,20/08/2017,30-34,M,26,30,28
1121173,20/08/2017,20/08/2017,30-34,M,26,31,32
1121175,20/08/2017,20/08/2017,30-34,M,26,28,29
1121177,20/08/2017,20/08/2017,30-34,M,26,28,29
1121181,20/08/2017,20/08/2017,30-34,M,27,32,29
1121182,20/08/2017,20/08/2017,30-34,M,27,28,33
1121183,21/08/2017,21/08/2017,30-34,M,27,32,29
1121184,22/08/2017,22/08/2017,30-34,M,27,31,29
1121185,23/08/2017,23/08/2017,30-34,M,27,28,29
1121193,23/08/2017,23/08/2017,30-34,M,28,34,29
1121195,23/08/2017,23/08/2017,30-34,M,28,34,33
1121196,23/08/2017,23/08/2017,30-34,M,28,29,29
1121197,23/08/2017,23/08/2017,30-34,M,28,30,32
1121202,28/08/2017,28/08/2017,30-34,M,29,32,34
1121203,23/08/2017,23/08/2017,30-34,M,29,35,33
1121205,23/08/2017,23/08/2017,30-34,M,29,32,30
1121206,23/08/2017,23/08/2017,30-34,M,29,34,31
1121207,23/08/2017,23/08/2017,30-34,M,29,34,31
1121211,23/08/2017,23/08/2017,30-34,M,30,32,31
1121213,22/08/2017,22/08/2017,30-34,M,30,31,35
1121215,22/08/2017,22/08/2017,30-34,M,30,31,34
1121216,22/08/2017,22/08/2017,30-34,M,30,32,34
1121220,22/08/2017,22/08/2017,30-34,M,31,37,35
1121223,22/08/2017,22/08/2017,30-34,M,31,37,35
1121224,23/08/2017,23/08/2017,30-34,M,31,32,33
1121229,22/08/2017,22/08/2017,30-34,M,32,36,37
1121231,22/08/2017,22/08/2017,30-34,M,32,36,35
1121233,22/08/2017,22/08/2017,30-34,M,32,34,36
1121241,27/08/2017,27/08/2017,30-34,M,36,40,37
1121242,27/08/2017,27/08/2017,30-34,M,36,37,39
1121243,22/08/2017,22/08/2017,30-34,M,36,42,42
1121244,22/08/2017,22/08/2017,30-34,M,36,41,41
1121245,22/08/2017,22/08/2017,30-34,M,36,37,40
1121246,22/08/2017,22/08/2017,30-34,M,36,41,38
1121250,22/08/2017,22/08/2017,30-34,M,63,67,64
1121251,23/08/2017,23/08/2017,30-34,M,63,65,69
1121252,23/08/2017,23/08/2017,30-34,M,63,69,67
1121254,22/08/2017,22/08/2017,30-34,M,63,64,65
1121255,22/08/2017,22/08/2017,30-34,M,63,64,67
1121261,22/08/2017,22/08/2017,30-34,M,64,67,65
1121262,30/08/2017,30/08/2017,30-34,M,64,66,67
1121263,30/08/2017,30/08/2017,30-34,M,64,66,69
1121264,30/08/2017,30/08/2017,30-34,M,64,70,67
1121265,22/08/2017,22/08/2017,30-34,M,65,70,68
1121269,22/08/2017,22/08/2017,30-34,M,65,67,67
1121273,22/08/2017,22/08/2017,30-34,M,2,4,4
1121274,22/08/2017,22/08/2017,30-34,M,2,4,7
1121275,22/08/2017,22/08/2017,30-34,M,2,8,3
1121276,22/08/2017,22/08/2017,30-34,M,2,5,5
1121277,23/08/2017,23/08/2017,30-34,M,7,9,13
1121278,23/08/2017,23/08/2017,30-34,M,7,13,10
1121279,24/08/2017,24/08/2017,30-34,M,7,10,13
1121282,24/08/2017,24/08/2017,30-34,M,7,11,10
1121284,24/08/2017,24/08/2017,30-34,M,66,68,70
1121285,24/08/2017,24/08/2017,30-34,M,66,68,70
1121286,24/08/2017,24/08/2017,30-34,M,66,67,69
1121287,24/08/2017,24/08/2017,30-34,M,66,69,69
1121289,24/08/2017,24/08/2017,35-39,M,10,14,13
1121290,24/08/2017,24/08/2017,35-39,M,10,13,12
1121291,24/08/2017,24/08/2017,35-39,M,10,16,14
1121292,23/08/2017,23/08/2017,35-39,M,10,15,16
1121293,23/08/2017,23/08/2017,35-39,M,10,16,13
1121296,23/08/2017,23/08/2017,35-39,M,15,17,19
1121297,23/08/2017,23/08/2017,35-39,M,15,16,16
1121300,23/08/2017,23/08/2017,35-39,M,15,16,17
1121302,23/08/2017,23/08/2017,35-39,M,16,17,22
1121303,23/08/2017,23/08/2017,35-39,M,16,19,21
1121304,23/08/2017,23/08/2017,35-39,M,16,17,20
1121309,23/08/2017,23/08/2017,35-39,M,18,24,20
1121310,23/08/2017,23/08/2017,35-39,M,18,21,19
1121311,30/08/2017,30/08/2017,35-39,M,18,20,24
1121312,30/08/2017,30/08/2017,35-39,M,18,19,21
1121316,28/08/2017,28/08/2017,35-39,M,19,23,23
1121317,28/08/2017,28/08/2017,35-39,M,19,25,23
1121319,28/08/2017,28/08/2017,35-39,M,20,26,26
1121321,28/08/2017,28/08/2017,35-39,M,20,21,21
1121322,28/08/2017,28/08/2017,35-39,M,20,22,24
1121327,28/08/2017,28/08/2017,35-39,M,21,22,22
1121330,28/08/2017,28/08/2017,35-39,M,21,23,22
1121333,28/08/2017,28/08/2017,35-39,M,22,25,25
1121334,28/08/2017,28/08/2017,35-39,M,22,24,26
1121335,28/08/2017,28/08/2017,35-39,M,22,25,23
1121336,27/08/2017,27/08/2017,35-39,M,22,24,24
1121337,27/08/2017,27/08/2017,35-39,M,23,28,28
1121338,27/08/2017,27/08/2017,35-39,M,23,27,24
1121340,27/08/2017,27/08/2017,35-39,M,23,27,28
1121341,27/08/2017,27/08/2017,35-39,M,23,26,27
1121342,28/08/2017,28/08/2017,35-39,M,23,29,27
1121344,28/08/2017,28/08/2017,35-39,M,24,27,27
1121345,27/08/2017,27/08/2017,35-39,M,24,29,29
1121347,27/08/2017,27/08/2017,35-39,M,24,25,28
1121350,29/08/2017,29/08/2017,35-39,M,25,27,31
1121352,29/08/2017,29/08/2017,35-39,M,25,30,29
1121353,30/08/2017,30/08/2017,35-39,M,25,30,27
1121355,29/08/2017,29/08/2017,35-39,M,26,29,27
1121359,29/08/2017,29/08/2017,35-39,M,26,28,27
1121361,30/08/2017,30/08/2017,35-39,M,27,28,33
1121364,30/08/2017,30/08/2017,35-39,M,27,30,28
1121365,30/08/2017,30/08/2017,35-39,M,27,33,31
1121367,30/08/2017,30/08/2017,35-39,M,28,31,29
1121368,30/08/2017,30/08/2017,35-39,M,28,33,31
1121369,30/08/2017,30/08/2017,35-39,M,28,33,31
1121370,29/08/2017,29/08/2017,35-39,M,28,33,32
1121372,29/08/2017,29/08/2017,35-39,M,28,34,34
1121373,29/08/2017,29/08/2017,35-39,M,29,32,33
1121374,29/08/2017,29/08/2017,35-39,M,29,34,35
1121375,29/08/2017,29/08/2017,35-39,M,29,31,35
1121377,29/08/2017,29/08/2017,35-39,M,29,34,30
1121378,29/08/2017,29/08/2017,35-39,M,29,33,33
1121379,29/08/2017,29/08/2017,35-39,M,30,31,35
1121380,29/08/2017,29/08/2017,35-39,M,30,35,32
1121381,29/08/2017,29/08/2017,35-39,M,30,31,36
1121390,29/08/2017,29/08/2017,35-39,M,31,32,36
1121391,20/08/2017,20/08/2017,35-39,M,32,33,33
1121394,20/08/2017,20/08/2017,35-39,M,32,37,33
1121395,23/08/2017,23/08/2017,35-39,M,32,38,34
1121398,23/08/2017,23/08/2017,35-39,M,36,39,38
1121400,23/08/2017,23/08/2017,35-39,M,36,38,41
1121403,24/08/2017,24/08/2017,35-39,M,63,65,68
1121405,24/08/2017,24/08/2017,35-39,M,63,66,69
1121410,24/08/2017,24/08/2017,35-39,M,64,68,70
1121411,24/08/2017,24/08/2017,35-39,M,64,70,65
1121412,24/08/2017,24/08/2017,35-39,M,64,68,70
1121413,23/08/2017,23/08/2017,35-39,M,64,67,69
1121414,23/08/2017,23/08/2017,35-39,M,64,70,66
1121415,23/08/2017,23/08/2017,35-39,M,65,66,71
1121418,23/08/2017,23/08/2017,35-39,M,65,71,70
1121421,21/08/2017,21/08/2017,35-39,M,2,8,6
1121422,23/08/2017,23/08/2017,35-39,M,2,7,7
1121423,23/08/2017,23/08/2017,35-39,M,2,5,7
1121425,23/08/2017,23/08/2017,35-39,M,2,8,7
1121428,23/08/2017,23/08/2017,35-39,M,7,9,13
1121429,23/08/2017,23/08/2017,35-39,M,7,13,9
1121430,23/08/2017,23/08/2017,35-39,M,7,10,9
1121433,24/08/2017,24/08/2017,35-39,M,66,69,72
1121437,24/08/2017,24/08/2017,35-39,M,66,68,68
1121439,25/08/2017,25/08/2017,40-44,M,10,11,15
1121440,25/08/2017,25/08/2017,40-44,M,10,15,11
1121442,25/08/2017,25/08/2017,40-44,M,10,15,14
1121443,25/08/2017,25/08/2017,40-44,M,10,12,15
1121444,25/08/2017,25/08/2017,40-44,M,10,13,12
1121446,25/08/2017,25/08/2017,40-44,M,15,17,17
1121451,25/08/2017,25/08/2017,40-44,M,16,20,18
1121452,25/08/2017,25/08/2017,40-44,M,16,21,22
1121453,25/08/2017,25/08/2017,40-44,M,16,18,17
1121454,25/08/2017,25/08/2017,40-44,M,16,22,20
1121455,24/08/2017,24/08/2017,40-44,M,16,21,22
1121456,24/08/2017,24/08/2017,40-44,M,16,22,22
1121464,24/08/2017,24/08/2017,40-44,M,19,23,25
1121466,24/08/2017,24/08/2017,40-44,M,19,23,25
1121467,24/08/2017,24/08/2017,40-44,M,19,20,24
1121469,25/08/2017,25/08/2017,40-44,M,20,26,21
1121471,24/08/2017,24/08/2017,40-44,M,20,21,26
1121472,24/08/2017,24/08/2017,40-44,M,20,21,25
1121473,24/08/2017,24/08/2017,40-44,M,20,25,22
1121474,21/08/2017,21/08/2017,40-44,M,20,26,26
1121477,21/08/2017,21/08/2017,40-44,M,21,27,22
1121481,19/08/2017,19/08/2017,40-44,M,22,27,25
1121482,19/08/2017,19/08/2017,40-44,M,22,24,24
1121483,19/08/2017,19/08/2017,40-44,M,22,26,23
1121484,19/08/2017,19/08/2017,40-44,M,22,28,27
1121487,19/08/2017,19/08/2017,40-44,M,23,25,26
1121489,19/08/2017,19/08/2017,40-44,M,23,28,24
1121493,19/08/2017,19/08/2017,40-44,M,24,28,30
1121497,19/08/2017,19/08/2017,40-44,M,24,25,27
1121499,19/08/2017,19/08/2017,40-44,M,25,27,31
1121510,19/08/2017,19/08/2017,40-44,M,26,30,31
1121511,18/08/2017,18/08/2017,40-44,M,27,29,32
1121514,18/08/2017,18/08/2017,40-44,M,27,31,30
1121523,18/08/2017,18/08/2017,40-44,M,29,32,34
1121524,18/08/2017,18/08/2017,40-44,M,29,30,35
1121525,18/08/2017,18/08/2017,40-44,M,29,32,33
1121526,19/08/2017,19/08/2017,40-44,M,29,35,32
1121527,19/08/2017,19/08/2017,40-44,M,29,35,35
1121528,19/08/2017,19/08/2017,40-44,M,29,33,31
1121530,19/08/2017,19/08/2017,40-44,M,30,36,33
1121532,19/08/2017,19/08/2017,40-44,M,30,35,32
1121535,20/08/2017,20/08/2017,40-44,M,31,33,32
1121541,21/08/2017,21/08/2017,40-44,M,32,33,37
1121544,21/08/2017,21/08/2017,40-44,M,32,33,36
1121545,20/08/2017,20/08/2017,40-44,M,32,33,35
1121548,21/08/2017,21/08/2017,40-44,M,36,38,37
1121551,21/08/2017,21/08/2017,40-44,M,36,40,39
1121554,21/08/2017,21/08/2017,40-44,M,63,64,66
1121557,21/08/2017,21/08/2017,40-44,M,63,68,64
1121561,21/08/2017,21/08/2017,40-44,M,64,69,70
1121562,20/08/2017,20/08/2017,40-44,M,64,65,67
1121568,20/08/2017,20/08/2017,40-44,M,65,70,70
1121571,20/08/2017,20/08/2017,40-44,M,2,3,5
1121572,20/08/2017,20/08/2017,40-44,M,2,6,3
1121575,20/08/2017,20/08/2017,40-44,M,2,4,5
1121577,20/08/2017,20/08/2017,40-44,M,7,9,11
1121584,20/08/2017,20/08/2017,40-44,M,66,67,67
1121585,20/08/2017,20/08/2017,40-44,M,66,72,68
1121589,20/08/2017,20/08/2017,45-49,M,10,16,11
1121590,20/08/2017,20/08/2017,45-49,M,10,16,15
1121592,20/08/2017,20/08/2017,45-49,M,10,14,11
1121593,26/08/2017,26/08/2017,45-49,M,10,16,16
1121594,26/08/2017,26/08/2017,45-49,M,10,14,14
1121597,30/08/2017,30/08/2017,45-49,M,15,21,19
1121598,30/08/2017,30/08/2017,45-49,M,15,19,18
1121599,30/08/2017,30/08/2017,45-49,M,15,17,18
1121601,30/08/2017,30/08/2017,45-49,M,16,20,18
1121602,30/08/2017,30/08/2017,45-49,M,16,21,20
1121603,30/08/2017,30/08/2017,45-49,M,16,21,17
1121605,30/08/2017,30/08/2017,45-49,M,16,20,17
1121606,30/08/2017,30/08/2017,45-49,M,16,22,17
1121607,30/08/2017,30/08/2017,45-49,M,18,24,23
1121609,30/08/2017,30/08/2017,45-49,M,18,19,19
1121612,29/08/2017,29/08/2017,45-49,M,18,19,22
1121613,29/08/2017,29/08/2017,45-49,M,19,25,25
1121615,29/08/2017,29/08/2017,45-49,M,19,21,25
1121616,29/08/2017,29/08/2017,45-49,M,19,23,24
1121617,29/08/2017,29/08/2017,45-49,M,19,23,22
1121619,30/08/2017,30/08/2017,45-49,M,20,22,26
1121620,30/08/2017,30/08/2017,45-49,M,20,21,24
1121622,30/08/2017,30/08/2017,45-49,M,20,22,23
1121623,29/08/2017,29/08/2017,45-49,M,20,24,22
1121624,30/08/2017,30/08/2017,45-49,M,20,26,25
1121627,30/08/2017,30/08/2017,45-49,M,21,27,27
1121628,19/08/2017,19/08/2017,45-49,M,21,25,22
1121629,19/08/2017,19/08/2017,45-49,M,21,24,23
1121635,19/08/2017,19/08/2017,45-49,M,22,24,27
1121638,19/08/2017,19/08/2017,45-49,M,23,28,29
1121641,19/08/2017,19/08/2017,45-49,M,23,29,29
1121642,19/08/2017,19/08/2017,45-49,M,23,26,29
1121644,19/08/2017,19/08/2017,45-49,M,24,26,25
1121650,19/08/2017,19/08/2017,45-49,M,25,26,29
1121652,18/08/2017,18/08/2017,45-49,M,25,30,29
1121660,18/08/2017,18/08/2017,45-49,M,26,30,29
1121661,18/08/2017,18/08/2017,45-49,M,27,33,30
1121662,18/08/2017,18/08/2017,45-49,M,27,28,32
1121664,18/08/2017,18/08/2017,45-49,M,27,31,28
1121665,18/08/2017,18/08/2017,45-49,M,27,31,31
1121666,18/08/2017,18/08/2017,45-49,M,27,31,29
1121667,18/08/2017,18/08/2017,45-49,M,28,31,32
1121668,18/08/2017,18/08/2017,45-49,M,28,30,34
1121669,18/08/2017,18/08/2017,45-49,M,28,33,33
1121671,18/08/2017,18/08/2017,45-49,M,28,29,32
1121672,29/08/2017,29/08/2017,45-49,M,28,32,31
1121673,29/08/2017,29/08/2017,45-49,M,29,34,30
1121674,27/08/2017,27/08/2017,45-49,M,29,30,30
1121675,27/08/2017,27/08/2017,45-49,M,29,34,31
1121676,27/08/2017,27/08/2017,45-49,M,29,32,30
1121677,27/08/2017,27/08/2017,45-49,M,29,35,34
1121678,27/08/2017,27/08/2017,45-49,M,29,33,33
1121685,27/08/2017,27/08/2017,45-49,M,31,36,36
1121687,27/08/2017,27/08/2017,45-49,M,31,37,36
1121689,27/08/2017,27/08/2017,45-49,M,31,37,35
1121691,26/08/2017,26/08/2017,45-49,M,32,34,33
1121692,26/08/2017,26/08/2017,45-49,M,32,34,37
1121693,26/08/2017,26/08/2017,45-49,M,32,35,35
1121695,26/08/2017,26/08/2017,45-49,M,32,34,38
1121701,26/08/2017,26/08/2017,45-49,M,36,38,38
1121705,26/08/2017,26/08/2017,45-49,M,63,68,67
1121706,26/08/2017,26/08/2017,45-49,M,63,64,67
1121708,26/08/2017,26/08/2017,45-49,M,63,65,68
1121711,26/08/2017,26/08/2017,45-49,M,64,69,65
1121716,26/08/2017,26/08/2017,45-49,M,65,67,67
1121723,26/08/2017,26/08/2017,45-49,M,2,5,4
1121733,27/08/2017,27/08/2017,45-49,M,66,71,70
1121741,27/08/2017,27/08/2017,30-34,F,10,13,14
1121742,28/08/2017,28/08/2017,30-34,F,10,14,11
1121745,28/08/2017,28/08/2017,30-34,F,15,19,16
1121746,28/08/2017,28/08/2017,30-34,F,15,17,18
1121749,28/08/2017,28/08/2017,30-34,F,15,17,17
1121751,29/08/2017,29/08/2017,30-34,F,16,17,21
1121753,29/08/2017,29/08/2017,30-34,F,16,20,19
1121754,29/08/2017,29/08/2017,30-34,F,16,17,17
1121755,29/08/2017,29/08/2017,30-34,F,16,20,21
1121756,29/08/2017,29/08/2017,30-34,F,16,18,19
1121758,28/08/2017,28/08/2017,30-34,F,18,19,20
1121759,28/08/2017,28/08/2017,30-34,F,18,21,19
1121760,28/08/2017,28/08/2017,30-34,F,18,21,21
1121763,28/08/2017,28/08/2017,30-34,F,19,22,23
1121764,28/08/2017,28/08/2017,30-34,F,19,22,23
1121765,28/08/2017,28/08/2017,30-34,F,19,24,23
1121767,28/08/2017,28/08/2017,30-34,F,19,20,23
1121768,28/08/2017,28/08/2017,30-34,F,19,20,25
1121769,28/08/2017,28/08/2017,30-34,F,20,26,26
1121773,28/08/2017,28/08/2017,30-34,F,20,22,21
1121774,28/08/2017,28/08/2017,30-34,F,20,22,21
1121775,18/08/2017,18/08/2017,30-34,F,21,24,25
1121776,18/08/2017,18/08/2017,30-34,F,21,23,22
1121779,22/08/2017,22/08/2017,30-34,F,21,27,23
1121780,22/08/2017,22/08/2017,30-34,F,21,25,22
1121782,21/08/2017,21/08/2017,30-34,F,22,23,23
1121783,22/08/2017,22/08/2017,30-34,F,22,27,28
1121791,22/08/2017,22/08/2017,30-34,F,23,25,24
1121793,22/08/2017,22/08/2017,30-34,F,24,30,25
1121795,22/08/2017,22/08/2017,30-34,F,24,29,25
1121796,22/08/2017,22/08/2017,30-34,F,24,28,27
1121798,21/08/2017,21/08/2017,30-34,F,24,26,26
1121803,21/08/2017,21/08/2017,30-34,F,25,31,28
1121806,20/08/2017,20/08/2017,30-34,F,26,31,30
1121807,20/08/2017,20/08/2017,30-34,F,26,30,32
1121812,20/08/2017,20/08/2017,30-34,F,27,33,29
1121814,21/08/2017,21/08/2017,30-34,F,27,28,31
1121815,21/08/2017,21/08/2017,30-34,F,27,33,28
1121816,21/08/2017,21/08/2017,30-34,F,27,30,30
1121817,21/08/2017,21/08/2017,30-34,F,28,31,29
1121818,21/08/2017,21/08/2017,30-34,F,28,31,34
1121819,21/08/2017,21/08/2017,30-34,F,28,34,29
1121820,22/08/2017,22/08/2017,30-34,F,28,29,32
1121824,22/08/2017,22/08/2017,30-34,F,29,35,34
1121826,23/08/2017,23/08/2017,30-34,F,29,31,30
1121827,23/08/2017,23/08/2017,30-34,F,29,31,30
1121828,23/08/2017,23/08/2017,30-34,F,29,33,33
1121829,24/08/2017,24/08/2017,30-34,F,30,35,35
1121832,24/08/2017,24/08/2017,30-34,F,30,36,36
1121833,24/08/2017,24/08/2017,30-34,F,30,36,36
1121835,24/08/2017,24/08/2017,30-34,F,31,35,36
1121839,24/08/2017,24/08/2017,30-34,F,31,33,34
1121841,23/08/2017,23/08/2017,30-34,F,32,38,34
1121843,23/08/2017,23/08/2017,30-34,F,32,38,37
1121844,23/08/2017,23/08/2017,30-34,F,32,38,36
1121845,22/08/2017,22/08/2017,30-34,F,32,34,38
1121846,22/08/2017,22/08/2017,30-34,F,32,37,34
1121847,23/08/2017,23/08/2017,30-34,F,36,38,37
1121854,23/08/2017,23/08/2017,30-34,F,63,65,64
1121855,23/08/2017,23/08/2017,30-34,F,63,67,65
1121856,23/08/2017,23/08/2017,30-34,F,63,64,64
1121857,23/08/2017,23/08/2017,30-34,F,63,65,65
1121859,23/08/2017,23/08/2017,30-34,F,64,67,67
1121860,20/08/2017,20/08/2017,30-34,F,64,67,68
1121861,20/08/2017,20/08/2017,30-34,F,64,66,69
1121862,17/08/2017,17/08/2017,30-34,F,64,67,69
1121863,17/08/2017,17/08/2017,30-34,F,64,69,70
1121867,17/08/2017,17/08/2017,30-34,F,65,69,71
1121869,18/08/2017,18/08/2017,30-34,F,65,69,68
1121871,18/08/2017,18/08/2017,30-34,F,2,8,7
1121873,18/08/2017,18/08/2017,30-34,F,2,6,7
1121874,18/08/2017,18/08/2017,30-34,F,2,8,4
1121876,18/08/2017,18/08/2017,30-34,F,2,6,8
1121877,17/08/2017,17/08/2017,30-34,F,7,10,9
1121878,17/08/2017,17/08/2017,30-34,F,7,8,8
1121881,30/08/2017,30/08/2017,30-34,F,7,8,13
1121888,30/08/2017,30/08/2017,30-34,F,66,72,69
1121889,30/08/2017,30/08/2017,35-39,F,10,15,13
1121890,17/08/2017,17/08/2017,35-39,F,10,16,15
1121891,17/08/2017,17/08/2017,35-39,F,10,15,13
1121894,17/08/2017,17/08/2017,35-39,F,10,14,14
1121895,17/08/2017,17/08/2017,35-39,F,15,21,21
1121897,17/08/2017,17/08/2017,35-39,F,15,18,17
1121901,17/08/2017,17/08/2017,35-39,F,16,17,21
1121902,18/08/2017,18/08/2017,35-39,F,16,17,22
1121903,18/08/2017,18/08/2017,35-39,F,16,18,18
1121904,19/08/2017,19/08/2017,35-39,F,16,21,18
1121905,19/08/2017,19/08/2017,35-39,F,16,17,21
1121906,19/08/2017,19/08/2017,35-39,F,16,21,17
1121907,20/08/2017,20/08/2017,35-39,F,18,22,19
1121917,20/08/2017,20/08/2017,35-39,F,19,22,24
1121918,20/08/2017,20/08/2017,35-39,F,19,23,25
1121925,20/08/2017,20/08/2017,35-39,F,21,27,23
1121928,20/08/2017,20/08/2017,35-39,F,21,27,24
1121931,20/08/2017,20/08/2017,35-39,F,22,26,23
1121933,19/08/2017,19/08/2017,35-39,F,22,24,26
1121935,19/08/2017,19/08/2017,35-39,F,22,25,23
1121936,18/08/2017,18/08/2017,35-39,F,22,26,25
1121944,18/08/2017,18/08/2017,35-39,F,24,25,29
1121948,18/08/2017,18/08/2017,35-39,F,24,27,28
1121949,19/08/2017,19/08/2017,35-39,F,25,27,27
1121953,19/08/2017,19/08/2017,35-39,F,25,29,27
1121954,19/08/2017,19/08/2017,35-39,F,25,30,27
1121955,19/08/2017,19/08/2017,35-39,F,26,28,31
1121956,19/08/2017,19/08/2017,35-39,F,26,31,28
1121962,19/08/2017,19/08/2017,35-39,F,27,30,32
1121963,24/08/2017,24/08/2017,35-39,F,27,32,28
1121971,24/08/2017,24/08/2017,35-39,F,28,31,32
1121973,30/08/2017,30/08/2017,35-39,F,29,31,34
1121976,30/08/2017,30/08/2017,35-39,F,29,34,34
1121977,30/08/2017,30/08/2017,35-39,F,29,32,32
1121983,30/08/2017,30/08/2017,35-39,F,30,34,31
1121994,30/08/2017,30/08/2017,35-39,F,32,33,34
1122003,17/08/2017,17/08/2017,35-39,F,63,69,68
1122004,30/08/2017,30/08/2017,35-39,F,63,65,67
1122005,30/08/2017,30/08/2017,35-39,F,63,65,69
1122006,30/08/2017,30/08/2017,35-39,F,63,68,65
1122007,30/08/2017,30/08/2017,35-39,F,63,65,64
1122011,29/08/2017,29/08/2017,35-39,F,64,70,67
1122012,29/08/2017,29/08/2017,35-39,F,64,67,69
1122022,29/08/2017,29/08/2017,35-39,F,2,4,3
1122027,29/08/2017,29/08/2017,35-39,F,7,9,8
1122039,29/08/2017,29/08/2017,40-44,F,10,12,15
1122040,30/08/2017,30/08/2017,40-44,F,10,15,11
1122041,30/08/2017,30/08/2017,40-44,F,10,13,12
1122043,30/08/2017,30/08/2017,40-44,F,10,13,14
1122044,29/08/2017,29/08/2017,40-44,F,10,16,14
1122047,17/08/2017,17/08/2017,40-44,F,15,18,21
1122052,17/08/2017,17/08/2017,40-44,F,16,20,19
1122054,18/08/2017,18/08/2017,40-44,F,16,20,18
1122055,18/08/2017,18/08/2017,40-44,F,16,22,19
1122056,17/08/2017,17/08/2017,40-44,F,16,19,21
1122058,18/08/2017,18/08/2017,40-44,F,18,19,24
1122075,18/08/2017,18/08/2017,40-44,F,21,25,23
1122078,18/08/2017,18/08/2017,40-44,F,21,27,25
1122079,18/08/2017,18/08/2017,40-44,F,21,24,27
1122085,18/08/2017,18/08/2017,40-44,F,22,26,25
1122089,17/08/2017,17/08/2017,40-44,F,23,25,29
1122092,17/08/2017,17/08/2017,40-44,F,23,25,26
1122101,17/08/2017,17/08/2017,40-44,F,25,26,30
1122102,17/08/2017,17/08/2017,40-44,F,25,30,29
1122103,17/08/2017,17/08/2017,40-44,F,25,26,30
1122105,17/08/2017,17/08/2017,40-44,F,26,28,27
1122107,17/08/2017,17/08/2017,40-44,F,26,30,29
1122109,17/08/2017,17/08/2017,40-44,F,26,27,28
1122112,17/08/2017,17/08/2017,40-44,F,27,31,33
1122113,17/08/2017,17/08/2017,40-44,F,27,33,28
1122118,17/08/2017,17/08/2017,40-44,F,28,31,33
1122120,29/08/2017,29/08/2017,40-44,F,28,30,32
1122121,29/08/2017,29/08/2017,40-44,F,28,30,34
1122125,26/08/2017,26/08/2017,40-44,F,29,34,32
1122127,26/08/2017,26/08/2017,40-44,F,29,32,31
1122131,26/08/2017,26/08/2017,40-44,F,30,32,35
1122138,26/08/2017,26/08/2017,40-44,F,31,32,37
1122139,26/08/2017,26/08/2017,40-44,F,31,36,32
1122140,26/08/2017,26/08/2017,40-44,F,31,35,35
1122145,26/08/2017,26/08/2017,40-44,F,32,35,34
1122146,26/08/2017,26/08/2017,40-44,F,32,38,37
1122149,26/08/2017,26/08/2017,40-44,F,36,41,37
1122154,25/08/2017,25/08/2017,40-44,F,63,66,68
1122157,25/08/2017,25/08/2017,40-44,F,63,69,66
1122160,24/08/2017,24/08/2017,40-44,F,64,69,67
1122165,24/08/2017,24/08/2017,40-44,F,65,68,69
1122166,25/08/2017,25/08/2017,40-44,F,65,66,68
1122176,25/08/2017,25/08/2017,40-44,F,2,6,8
1122177,25/08/2017,25/08/2017,40-44,F,7,10,12
1122182,25/08/2017,25/08/2017,40-44,F,7,10,8
1122183,25/08/2017,25/08/2017,40-44,F,66,71,67
1122189,25/08/2017,25/08/2017,45-49,F,10,16,14
1122191,27/08/2017,27/08/2017,45-49,F,10,16,16
1122192,27/08/2017,27/08/2017,45-49,F,10,16,13
1122193,28/08/2017,28/08/2017,45-49,F,10,11,15
1122197,28/08/2017,28/08/2017,45-49,F,15,16,20
1122200,28/08/2017,28/08/2017,45-49,F,15,16,16
1122201,28/08/2017,28/08/2017,45-49,F,16,19,21
1122202,28/08/2017,28/08/2017,45-49,F,16,20,19
1122203,29/08/2017,29/08/2017,45-49,F,16,22,19
1122204,28/08/2017,28/08/2017,45-49,F,16,21,22
1122205,28/08/2017,28/08/2017,45-49,F,16,20,22
1122209,28/08/2017,28/08/2017,45-49,F,18,19,20
1122210,28/08/2017,28/08/2017,45-49,F,18,21,20
1122211,27/08/2017,27/08/2017,45-49,F,18,24,21
1122212,27/08/2017,27/08/2017,45-49,F,18,23,24
1122213,27/08/2017,27/08/2017,45-49,F,19,24,23
1122216,27/08/2017,27/08/2017,45-49,F,19,23,22
1122217,27/08/2017,27/08/2017,45-49,F,19,24,23
1122223,27/08/2017,27/08/2017,45-49,F,20,23,23
1122224,27/08/2017,27/08/2017,45-49,F,20,24,25
1122225,27/08/2017,27/08/2017,45-49,F,21,22,27
1122227,27/08/2017,27/08/2017,45-49,F,21,27,26
1122232,27/08/2017,27/08/2017,45-49,F,22,24,23
1122233,19/08/2017,19/08/2017,45-49,F,22,24,24
1122240,19/08/2017,19/08/2017,45-49,F,23,26,26
1122244,25/08/2017,25/08/2017,45-49,F,24,26,26
1122246,25/08/2017,25/08/2017,45-49,F,24,28,25
1122249,24/08/2017,24/08/2017,45-49,F,25,29,28
1122253,25/08/2017,25/08/2017,45-49,F,25,27,28
1122254,25/08/2017,25/08/2017,45-49,F,25,31,31
1122257,25/08/2017,25/08/2017,45-49,F,26,29,32
1122258,25/08/2017,25/08/2017,45-49,F,26,28,30
1122260,25/08/2017,25/08/2017,45-49,F,26,32,31
1122262,24/08/2017,24/08/2017,45-49,F,27,29,30
1122265,24/08/2017,24/08/2017,45-49,F,27,30,28
1122266,24/08/2017,24/08/2017,45-49,F,27,31,30
1122267,23/08/2017,23/08/2017,45-49,F,28,29,33
1122268,23/08/2017,23/08/2017,45-49,F,28,31,30
1122270,24/08/2017,24/08/2017,45-49,F,28,34,32
1122271,24/08/2017,24/08/2017,45-49,F,28,29,34
1122273,24/08/2017,24/08/2017,45-49,F,29,32,30
1122274,24/08/2017,24/08/2017,45-49,F,29,33,31
1122276,24/08/2017,24/08/2017,45-49,F,29,34,34
1122277,24/08/2017,24/08/2017,45-49,F,29,30,30
1122279,25/08/2017,25/08/2017,45-49,F,30,33,36
1122282,25/08/2017,25/08/2017,45-49,F,30,31,35
1122288,27/08/2017,27/08/2017,45-49,F,31,32,33
1122290,26/08/2017,26/08/2017,45-49,F,31,32,33
1122303,26/08/2017,26/08/2017,45-49,F,63,67,66
1122304,27/08/2017,27/08/2017,45-49,F,63,64,66
1122308,27/08/2017,27/08/2017,45-49,F,63,64,68
1122310,27/08/2017,27/08/2017,45-49,F,64,66,65
1122311,27/08/2017,27/08/2017,45-49,F,64,69,68
1122312,27/08/2017,27/08/2017,45-49,F,64,70,66
1122313,26/08/2017,26/08/2017,45-49,F,64,70,69
1122316,26/08/2017,26/08/2017,45-49,F,65,67,67
1314296,26/08/2017,26/08/2017,30-34,M,100,106,105
1314297,25/08/2017,25/08/2017,30-34,M,101,106,103
1314298,25/08/2017,25/08/2017,30-34,M,102,104,107
1314299,26/08/2017,26/08/2017,30-34,M,103,107,108
1314301,26/08/2017,26/08/2017,30-34,M,105,108,107
1314303,26/08/2017,26/08/2017,30-34,M,107,108,110
1314306,26/08/2017,26/08/2017,30-34,M,110,112,111
1314307,26/08/2017,26/08/2017,30-34,M,111,112,113
1314308,26/08/2017,26/08/2017,30-34,M,112,117,115
1314309,23/08/2017,23/08/2017,30-34,M,113,116,115
1314312,23/08/2017,23/08/2017,35-39,M,101,105,103
1314313,21/08/2017,21/08/2017,35-39,M,102,104,107
1314314,21/08/2017,21/08/2017,35-39,M,103,104,105
1314316,21/08/2017,21/08/2017,35-39,M,105,107,107
1314318,21/08/2017,21/08/2017,35-39,M,107,110,109
1314319,21/08/2017,21/08/2017,35-39,M,108,113,111
1314320,21/08/2017,21/08/2017,35-39,M,109,113,115
1314321,21/08/2017,21/08/2017,35-39,M,110,112,111
1314323,21/08/2017,21/08/2017,35-39,M,112,117,118
1314324,21/08/2017,21/08/2017,35-39,M,113,116,114
1314325,21/08/2017,21/08/2017,35-39,M,114,117,120
1314326,20/08/2017,20/08/2017,40-44,M,100,104,104
1314327,20/08/2017,20/08/2017,40-44,M,101,107,105
1314330,20/08/2017,20/08/2017,40-44,M,104,108,108
1314331,20/08/2017,20/08/2017,40-44,M,105,107,108
1314332,20/08/2017,20/08/2017,40-44,M,106,110,112
1314333,21/08/2017,21/08/2017,40-44,M,107,113,108
1314334,21/08/2017,21/08/2017,40-44,M,108,110,112
1314336,20/08/2017,20/08/2017,40-44,M,110,116,113
1314337,20/08/2017,20/08/2017,40-44,M,111,112,112
1314338,21/08/2017,21/08/2017,40-44,M,112,113,114
1314339,22/08/2017,22/08/2017,40-44,M,113,114,116
1314341,23/08/2017,23/08/2017,45-49,M,100,105,106
1314343,23/08/2017,23/08/2017,45-49,M,102,107,103
1314345,23/08/2017,23/08/2017,45-49,M,104,105,107
1314346,23/08/2017,23/08/2017,45-49,M,105,109,106
1314348,23/08/2017,23/08/2017,45-49,M,107,113,111
1314349,23/08/2017,23/08/2017,45-49,M,108,113,113
1314350,23/08/2017,23/08/2017,45-49,M,109,115,115
1314351,23/08/2017,23/08/2017,45-49,M,110,114,111
1314353,22/08/2017,22/08/2017,45-49,M,112,114,114
1314354,22/08/2017,22/08/2017,45-49,M,113,116,116
1314355,22/08/2017,22/08/2017,45-49,M,114,117,118
1314357,22/08/2017,22/08/2017,30-34,F,101,102,102
1314358,22/08/2017,22/08/2017,30-34,F,102,103,103
1314359,22/08/2017,22/08/2017,30-34,F,103,109,105
1314360,22/08/2017,22/08/2017,30-34,F,104,105,108
1314361,22/08/2017,22/08/2017,30-34,F,105,111,107
1314362,22/08/2017,22/08/2017,30-34,F,106,109,108
1314363,22/08/2017,22/08/2017,30-34,F,107,109,113
1314364,22/08/2017,22/08/2017,30-34,F,108,111,111
1314365,27/08/2017,27/08/2017,30-34,F,109,110,112
1314366,27/08/2017,27/08/2017,30-34,F,110,114,111
1314367,18/08/2017,18/08/2017,30-34,F,111,113,114
1314368,18/08/2017,18/08/2017,30-34,F,112,114,113
1314371,18/08/2017,18/08/2017,35-39,F,100,103,102
1314372,18/08/2017,18/08/2017,35-39,F,101,107,104
1314373,18/08/2017,18/08/2017,35-39,F,102,106,103
1314377,18/08/2017,18/08/2017,35-39,F,106,111,109
1314378,18/08/2017,18/08/2017,35-39,F,107,111,112
1314379,18/08/2017,18/08/2017,35-39,F,108,110,110
1314380,18/08/2017,18/08/2017,35-39,F,109,114,111
1314381,17/08/2017,17/08/2017,35-39,F,110,111,111
1314382,17/08/2017,17/08/2017,35-39,F,111,114,112
1314383,17/08/2017,17/08/2017,35-39,F,112,116,114
1314384,17/08/2017,17/08/2017,35-39,F,113,115,114
1314385,17/08/2017,17/08/2017,35-39,F,114,115,116
1314386,17/08/2017,17/08/2017,40-44,F,100,102,102
1314387,17/08/2017,17/08/2017,40-44,F,101,105,106
1314388,17/08/2017,17/08/2017,40-44,F,102,103,106
1314389,17/08/2017,17/08/2017,40-44,F,103,104,105
1314390,17/08/2017,17/08/2017,40-44,F,104,107,107
1314391,19/08/2017,19/08/2017,40-44,F,105,109,106
1314392,19/08/2017,19/08/2017,40-44,F,106,107,111
1314393,20/08/2017,20/08/2017,40-44,F,107,108,110
1314394,20/08/2017,20/08/2017,40-44,F,108,113,112
1314395,20/08/2017,20/08/2017,40-44,F,109,115,115
1314396,20/08/2017,20/08/2017,40-44,F,110,116,116
1314397,20/08/2017,20/08/2017,40-44,F,111,116,115
1314398,20/08/2017,20/08/2017,40-44,F,112,115,116
1314400,20/08/2017,20/08/2017,40-44,F,114,118,119
1314401,20/08/2017,20/08/2017,45-49,F,100,106,101
1314402,20/08/2017,20/08/2017,45-49,F,101,105,105
1314403,20/08/2017,20/08/2017,45-49,F,102,104,104
1314404,19/08/2017,19/08/2017,45-49,F,103,105,104
1314405,19/08/2017,19/08/2017,45-49,F,104,107,110
1314406,19/08/2017,19/08/2017,45-49,F,105,106,109
1314407,19/08/2017,19/08/2017,45-49,F,106,112,108
1314408,19/08/2017,19/08/2017,45-49,F,107,113,112
1314409,19/08/2017,19/08/2017,45-49,F,108,112,112
1314410,19/08/2017,19/08/2017,45-49,F,109,111,114
1314411,19/08/2017,19/08/2017,45-49,F,110,111,116
1314412,19/08/2017,19/08/2017,45-49,F,111,113,117
1314414,17/08/2017,17/08/2017,45-49,F,113,114,117
1314415,17/08/2017,17/08/2017,45-49,F,114,116,118